Provinsi,Jenis Hutan,Bahan Baku,Kelompok Kayu Bulat,Jenis Kayu Olahan,Produk Ekspor,Nilai Ekspor
Bengkulu,Hutan Produksi,Kayu Tanaman,Hutan Tanaman Industri,Chipwood,Banguna Prefabrikasi,$18.93B
Jawa Tengah,HKM HD HTR,Kayu Alam,Rimba Campuran,Pulp. Kayu Lapis dan LVL,Chipwood,$3.5B
DKI Jakarta,HKM HD Kemitraan,Kayu Perkebunan,Kelompok Meranti,Kayu Gergajian,Furnitur Kayu,$324.29M
Maluku Utara,IUPHHK HA,Setengah Jadi,Jenis Khusus,Veneer,Kerajinan,$26.62B
Sumatera Barat,IUPHHK HTI,Limbah,Kayu Indah,Blockboard,Panel,$1.31B
Jambi,IUPHHK RE,Kayu Tanaman,Jenis Kayu Lainnya,Bare Core,Paper,n/a
Jawa Tengah,UPHHK HTR,Kayu Alam,Kayu Eboni,Wood Pellet,Pulp,$741.77B
Tenggara Barat,Hutan Produksi,Kayu Perkebunan,Hutan Tanaman Industri,Particle Board,Veneer,$6.6B
Lampung,HKM HD HTR,Setengah Jadi,Rimba Campuran,Kayu Olahan Lainnya,Woodworking,$126.32M
Riau,HKM HD Kemitraan,Limbah,Kelompok Meranti,Moulding,Banguna Prefabrikasi,$480.69M
Kalimantan Tengah,IUPHHK HA,Kayu Tanaman,Jenis Khusus,Finger Joint Board,Chipwood,$354.29M
Tenggara Barat,IUPHHK HTI,Kayu Alam,Kayu Indah,Chipwood,Furnitur Kayu,$1.05B
Bali,IUPHHK RE,Kayu Perkebunan,Jenis Kayu Lainnya,Pulp. Kayu Lapis dan LVL,Kerajinan,$54.22B
Kalimantan Utara,UPHHK HTR,Setengah Jadi,Kayu Eboni,Kayu Gergajian,Panel,$79.88M
Sumatera Barat,Hutan Produksi,Limbah,Hutan Tanaman Industri,Veneer,Paper,$3.92B
Gorontalo,HKM HD HTR,Kayu Tanaman,Rimba Campuran,Blockboard,Pulp,$1.31B
Riau,HKM HD Kemitraan,Kayu Alam,Kelompok Meranti,Bare Core,Veneer,$100.04M
Jawa Barat,IUPHHK HA,Kayu Perkebunan,Jenis Khusus,Wood Pellet,Woodworking,$1.07B
Kepulauan,IUPHHK HTI,Setengah Jadi,Kayu Indah,Particle Board,Banguna Prefabrikasi,$4.97B
Kalimantan Utara,IUPHHK RE,Limbah,Jenis Kayu Lainnya,Kayu Olahan Lainnya,Chipwood,$551.94M
Kalimantan Timur,UPHHK HTR,Kayu Tanaman,Kayu Eboni,Moulding,Furnitur Kayu,$554.47M
Nusa Tenggara Timur,Hutan Produksi,Kayu Alam,Hutan Tanaman Industri,Finger Joint Board,Kerajinan,$1.09B
Sulawesi Tengah,HKM HD HTR,Kayu Perkebunan,Rimba Campuran,Chipwood,Panel,$1.53B
Nusa,HKM HD Kemitraan,Setengah Jadi,Kelompok Meranti,Pulp. Kayu Lapis dan LVL,Paper,$594.95M
Papua,IUPHHK HA,Limbah,Jenis Khusus,Kayu Gergajian,Pulp,n/a
Jawa Tengah,IUPHHK HTI,Kayu Tanaman,Kayu Indah,Veneer,Veneer,$208.28M
Jawa Tengah,IUPHHK RE,Kayu Alam,Jenis Kayu Lainnya,Blockboard,Woodworking,$437.24M
Kalimantan Timur,UPHHK HTR,Kayu Perkebunan,Kayu Eboni,Bare Core,Banguna Prefabrikasi,$5B
Tenggara Barat,Hutan Produksi,Setengah Jadi,Hutan Tanaman Industri,Wood Pellet,Chipwood,$341.72M
Sulawesi Tengah,HKM HD HTR,Limbah,Rimba Campuran,Particle Board,Furnitur Kayu,$9.73B
DKI Jakarta,HKM HD Kemitraan,Kayu Tanaman,Kelompok Meranti,Kayu Olahan Lainnya,Kerajinan,$628.13M
Sumatera Utara,IUPHHK HA,Kayu Alam,Jenis Khusus,Moulding,Panel,$168.88M
Jawa Barat,IUPHHK HTI,Kayu Perkebunan,Kayu Indah,Finger Joint Board,Paper,n/a
Maluku Utara,IUPHHK RE,Setengah Jadi,Jenis Kayu Lainnya,Chipwood,Pulp,$56.29M
Gorontalo,UPHHK HTR,Limbah,Kayu Eboni,Pulp. Kayu Lapis dan LVL,Veneer,$674.56M
Sumatera Barat,Hutan Produksi,Kayu Tanaman,Hutan Tanaman Industri,Kayu Gergajian,Woodworking,$136.01M
Kepulauan,HKM HD HTR,Kayu Alam,Rimba Campuran,Veneer,Banguna Prefabrikasi,$68.38M
Tenggara Barat,HKM HD Kemitraan,Kayu Perkebunan,Kelompok Meranti,Blockboard,Chipwood,$34.26B
DI Yogyakarta,IUPHHK HA,Setengah Jadi,Jenis Khusus,Bare Core,Furnitur Kayu,$10.54M
Maluku,IUPHHK HTI,Limbah,Kayu Indah,Wood Pellet,Kerajinan,n/a
Bengkulu,IUPHHK RE,Kayu Tanaman,Jenis Kayu Lainnya,Particle Board,Panel,$70.95M
Bali,UPHHK HTR,Kayu Alam,Kayu Eboni,Kayu Olahan Lainnya,Paper,$238.94M
Kalimantan Utara,Hutan Produksi,Kayu Perkebunan,Hutan Tanaman Industri,Moulding,Pulp,$229.93M
Sumatera Selatan,HKM HD HTR,Setengah Jadi,Rimba Campuran,Finger Joint Board,Veneer,$46.9M
Lampung,HKM HD Kemitraan,Limbah,Kelompok Meranti,Chipwood,Woodworking,$32.89B
Kalimantan Utara,IUPHHK HA,Kayu Tanaman,Jenis Khusus,Pulp. Kayu Lapis dan LVL,Banguna Prefabrikasi,n/a
Sulawesi Selatan,IUPHHK HTI,Kayu Alam,Kayu Indah,Kayu Gergajian,Chipwood,$12.38M
Sumatera Utara,IUPHHK RE,Kayu Perkebunan,Jenis Kayu Lainnya,Veneer,Furnitur Kayu,$113.19M
Sulawesi Tengah,UPHHK HTR,Setengah Jadi,Kayu Eboni,Blockboard,Kerajinan,$107.22M
Kalimantan Tengah,Hutan Produksi,Limbah,Hutan Tanaman Industri,Bare Core,Panel,$5.79B
Papua Barat,HKM HD HTR,Kayu Tanaman,Rimba Campuran,Wood Pellet,Paper,$1.06B
Tenggara Barat,HKM HD Kemitraan,Kayu Alam,Kelompok Meranti,Particle Board,Pulp,n/a
DKI Jakarta,IUPHHK HA,Kayu Perkebunan,Jenis Khusus,Kayu Olahan Lainnya,Veneer,$39.27B
Papua,IUPHHK HTI,Setengah Jadi,Kayu Indah,Moulding,Woodworking,$11.84B
Kalimantan Utara,IUPHHK RE,Limbah,Jenis Kayu Lainnya,Finger Joint Board,Banguna Prefabrikasi,n/a
Sumatera Utara,UPHHK HTR,Kayu Tanaman,Kayu Eboni,Chipwood,Chipwood,$299.12M
Maluku Utara,Hutan Produksi,Kayu Alam,Hutan Tanaman Industri,Pulp. Kayu Lapis dan LVL,Furnitur Kayu,$158.07M
Sumatera Selatan,HKM HD HTR,Kayu Perkebunan,Rimba Campuran,Kayu Gergajian,Kerajinan,n/a
Sulawesi Tengah,HKM HD Kemitraan,Setengah Jadi,Kelompok Meranti,Veneer,Panel,$36.35M
Sumatera Utara,IUPHHK HA,Limbah,Jenis Khusus,Blockboard,Paper,$733.65M
Kalimantan Utara,IUPHHK HTI,Kayu Tanaman,Kayu Indah,Bare Core,Pulp,$663.3M
Kalimantan Utara,IUPHHK RE,Kayu Alam,Jenis Kayu Lainnya,Wood Pellet,Veneer,$36.94M
Kalimantan Tengah,UPHHK HTR,Kayu Perkebunan,Kayu Eboni,Particle Board,Woodworking,$59.59M
Sulawesi Utara,Hutan Produksi,Setengah Jadi,Hutan Tanaman Industri,Kayu Olahan Lainnya,Banguna Prefabrikasi,$5.5B
Sumatera Utara,HKM HD HTR,Limbah,Rimba Campuran,Moulding,Chipwood,$271.31M
Jawa Barat,HKM HD Kemitraan,Kayu Tanaman,Kelompok Meranti,Finger Joint Board,Furnitur Kayu,$127.9M
Papua Barat,IUPHHK HA,Kayu Alam,Jenis Khusus,Chipwood,Kerajinan,$842.99M
Nusa,IUPHHK HTI,Kayu Perkebunan,Kayu Indah,Pulp. Kayu Lapis dan LVL,Panel,$2.52B
Banten,IUPHHK RE,Setengah Jadi,Jenis Kayu Lainnya,Kayu Gergajian,Paper,n/a
Bengkulu,UPHHK HTR,Limbah,Kayu Eboni,Veneer,Pulp,$83.66B
Jawa Timur,Hutan Produksi,Kayu Tanaman,Hutan Tanaman Industri,Blockboard,Veneer,$285.58M
Bali,HKM HD HTR,Kayu Alam,Rimba Campuran,Bare Core,Woodworking,$845.9M
Papua,HKM HD Kemitraan,Kayu Perkebunan,Kelompok Meranti,Wood Pellet,Banguna Prefabrikasi,$120.43M
Bali,IUPHHK HA,Setengah Jadi,Jenis Khusus,Particle Board,Chipwood,$3.17B
Kalimantan Utara,IUPHHK HTI,Limbah,Kayu Indah,Kayu Olahan Lainnya,Furnitur Kayu,$124.4M
Sulawesi Selatan,IUPHHK RE,Kayu Tanaman,Jenis Kayu Lainnya,Moulding,Kerajinan,$8.05B
Nusa,UPHHK HTR,Kayu Alam,Kayu Eboni,Finger Joint Board,Panel,$54.29M
Sumatera Selatan,Hutan Produksi,Kayu Perkebunan,Hutan Tanaman Industri,Chipwood,Paper,$185.39M
Sumatera Utara,HKM HD HTR,Setengah Jadi,Rimba Campuran,Pulp. Kayu Lapis dan LVL,Pulp,$234.15M
Papua Barat,HKM HD Kemitraan,Limbah,Kelompok Meranti,Kayu Gergajian,Veneer,$4.64B
Kalimantan Utara,IUPHHK HA,Kayu Tanaman,Jenis Khusus,Veneer,Woodworking,$208.41M
Sulawesi Tengah,IUPHHK HTI,Kayu Alam,Kayu Indah,Blockboard,Banguna Prefabrikasi,$961.1M
Banten,IUPHHK RE,Kayu Perkebunan,Jenis Kayu Lainnya,Bare Core,Chipwood,n/a
DI Yogyakarta,UPHHK HTR,Setengah Jadi,Kayu Eboni,Wood Pellet,Furnitur Kayu,$6.89M
Kepulauan,Hutan Produksi,Limbah,Hutan Tanaman Industri,Particle Board,Kerajinan,$196.39M
Bengkulu,HKM HD HTR,Kayu Tanaman,Rimba Campuran,Kayu Olahan Lainnya,Panel,n/a
Maluku Utara,HKM HD Kemitraan,Kayu Alam,Kelompok Meranti,Moulding,Paper,$580.2M
Maluku Utara,IUPHHK HA,Kayu Perkebunan,Jenis Khusus,Finger Joint Board,Pulp,$21.19B
Jambi,IUPHHK HTI,Setengah Jadi,Kayu Indah,Chipwood,Veneer,$660.3M
Papua,IUPHHK RE,Limbah,Jenis Kayu Lainnya,Pulp. Kayu Lapis dan LVL,Woodworking,$1.49B
Nusa Tenggara Timur,UPHHK HTR,Kayu Tanaman,Kayu Eboni,Kayu Gergajian,Banguna Prefabrikasi,$63.95M
DKI Jakarta,Hutan Produksi,Kayu Alam,Hutan Tanaman Industri,Veneer,Chipwood,$888.93M
Bali,HKM HD HTR,Kayu Perkebunan,Rimba Campuran,Blockboard,Furnitur Kayu,$127.26M
Sulawesi Tengah,HKM HD Kemitraan,Setengah Jadi,Kelompok Meranti,Bare Core,Kerajinan,n/a
Sulawesi Tengah,IUPHHK HA,Limbah,Jenis Khusus,Wood Pellet,Panel,$38.42B
Kalimantan Timur,IUPHHK HTI,Kayu Tanaman,Kayu Indah,Particle Board,Paper,$2.95B
Bali,IUPHHK RE,Kayu Alam,Jenis Kayu Lainnya,Kayu Olahan Lainnya,Pulp,$75.98M
Sulawesi Selatan,UPHHK HTR,Kayu Perkebunan,Kayu Eboni,Moulding,Veneer,n/a
Jambi,Hutan Produksi,Setengah Jadi,Hutan Tanaman Industri,Finger Joint Board,Woodworking,$462.92M
DKI Jakarta,HKM HD HTR,Limbah,Rimba Campuran,Chipwood,Banguna Prefabrikasi,$42.8M
Jawa Barat,HKM HD Kemitraan,Kayu Tanaman,Kelompok Meranti,Pulp. Kayu Lapis dan LVL,Chipwood,$658.05M
Jambi,IUPHHK HA,Kayu Alam,Jenis Khusus,Kayu Gergajian,Furnitur Kayu,$42.87B
Riau,IUPHHK HTI,Kayu Perkebunan,Kayu Indah,Veneer,Kerajinan,$12.9M
Tenggara Barat,IUPHHK RE,Setengah Jadi,Jenis Kayu Lainnya,Blockboard,Panel,$12.93M
Sumatera Selatan,UPHHK HTR,Limbah,Kayu Eboni,Bare Core,Paper,$71.76M
Sumatera Utara,Hutan Produksi,Kayu Tanaman,Hutan Tanaman Industri,Wood Pellet,Pulp,$254.84M
Sumatera Utara,HKM HD HTR,Kayu Alam,Rimba Campuran,Particle Board,Veneer,$137.3M
Sumatera Utara,HKM HD Kemitraan,Kayu Perkebunan,Kelompok Meranti,Kayu Olahan Lainnya,Woodworking,$2.01B
Kalimantan Tengah,IUPHHK HA,Setengah Jadi,Jenis Khusus,Moulding,Banguna Prefabrikasi,$142.56M
Lampung,IUPHHK HTI,Limbah,Kayu Indah,Finger Joint Board,Chipwood,$388.89M
Gorontalo,IUPHHK RE,Kayu Tanaman,Jenis Kayu Lainnya,Chipwood,Furnitur Kayu,$395.71M
Nusa Tenggara Timur,UPHHK HTR,Kayu Alam,Kayu Eboni,Pulp. Kayu Lapis dan LVL,Kerajinan,$3.49M
Maluku,Hutan Produksi,Kayu Perkebunan,Hutan Tanaman Industri,Kayu Gergajian,Panel,$42.85M
Kalimantan Barat,HKM HD HTR,Setengah Jadi,Rimba Campuran,Veneer,Paper,$442.25M
Tenggara Barat,HKM HD Kemitraan,Limbah,Kelompok Meranti,Blockboard,Pulp,$4.45B
DI Yogyakarta,IUPHHK HA,Kayu Tanaman,Jenis Khusus,Bare Core,Veneer,n/a
Papua,IUPHHK HTI,Kayu Alam,Kayu Indah,Wood Pellet,Woodworking,n/a
Sumatera Selatan,IUPHHK RE,Kayu Perkebunan,Jenis Kayu Lainnya,Particle Board,Banguna Prefabrikasi,$60.41M
Sumatera Utara,UPHHK HTR,Setengah Jadi,Kayu Eboni,Kayu Olahan Lainnya,Chipwood,$296.68M
Sumatera Barat,Hutan Produksi,Limbah,Hutan Tanaman Industri,Moulding,Furnitur Kayu,n/a
Kalimantan Tengah,HKM HD HTR,Kayu Tanaman,Rimba Campuran,Finger Joint Board,Kerajinan,$1.15B
Kalimantan Selatan,HKM HD Kemitraan,Kayu Alam,Kelompok Meranti,Chipwood,Panel,n/a
Tenggara Barat,IUPHHK HA,Kayu Perkebunan,Jenis Khusus,Pulp. Kayu Lapis dan LVL,Paper,$454.72M
Maluku,IUPHHK HTI,Setengah Jadi,Kayu Indah,Kayu Gergajian,Pulp,$1.32B
Sumatera Utara,IUPHHK RE,Limbah,Jenis Kayu Lainnya,Veneer,Veneer,$23.59B
Sumatera Barat,UPHHK HTR,Kayu Tanaman,Kayu Eboni,Blockboard,Woodworking,n/a
Nusa,Hutan Produksi,Kayu Alam,Hutan Tanaman Industri,Bare Core,Banguna Prefabrikasi,$1.16B
Lampung,HKM HD HTR,Kayu Perkebunan,Rimba Campuran,Wood Pellet,Chipwood,$257.12M
Nusa,HKM HD Kemitraan,Setengah Jadi,Kelompok Meranti,Particle Board,Furnitur Kayu,$392729.7
Riau,IUPHHK HA,Limbah,Jenis Khusus,Kayu Olahan Lainnya,Kerajinan,n/a
Papua,IUPHHK HTI,Kayu Tanaman,Kayu Indah,Moulding,Panel,$153.72M
Tenggara Barat,IUPHHK RE,Kayu Alam,Jenis Kayu Lainnya,Finger Joint Board,Paper,n/a
Banten,UPHHK HTR,Kayu Perkebunan,Kayu Eboni,Chipwood,Pulp,$562.64M
Sulawesi Utara,Hutan Produksi,Setengah Jadi,Hutan Tanaman Industri,Pulp. Kayu Lapis dan LVL,Veneer,$4.38B
Bengkulu,HKM HD HTR,Limbah,Rimba Campuran,Kayu Gergajian,Woodworking,$6.18B
Maluku Utara,HKM HD Kemitraan,Kayu Tanaman,Kelompok Meranti,Veneer,Banguna Prefabrikasi,n/a
DKI Jakarta,IUPHHK HA,Kayu Alam,Jenis Khusus,Blockboard,Chipwood,$2.08B
Nusa Tenggara Timur,IUPHHK HTI,Kayu Perkebunan,Kayu Indah,Bare Core,Furnitur Kayu,$93.58M
Jawa Timur,IUPHHK RE,Setengah Jadi,Jenis Kayu Lainnya,Wood Pellet,Kerajinan,$361.9M
Kalimantan Utara,UPHHK HTR,Limbah,Kayu Eboni,Particle Board,Panel,$29.19B
Gorontalo,Hutan Produksi,Kayu Tanaman,Hutan Tanaman Industri,Kayu Olahan Lainnya,Paper,$442.96M
Kalimantan Timur,HKM HD HTR,Kayu Alam,Rimba Campuran,Moulding,Pulp,$35.61B
Sumatera Barat,HKM HD Kemitraan,Kayu Perkebunan,Kelompok Meranti,Finger Joint Board,Veneer,n/a
Sulawesi Tengah,IUPHHK HA,Setengah Jadi,Jenis Khusus,Chipwood,Woodworking,$490.61M
Maluku,IUPHHK HTI,Limbah,Kayu Indah,Pulp. Kayu Lapis dan LVL,Banguna Prefabrikasi,n/a
Jawa Timur,IUPHHK RE,Kayu Tanaman,Jenis Kayu Lainnya,Kayu Gergajian,Chipwood,$370.33M
Jawa Barat,UPHHK HTR,Kayu Alam,Kayu Eboni,Veneer,Furnitur Kayu,$19.24M
Sumatera Utara,Hutan Produksi,Kayu Perkebunan,Hutan Tanaman Industri,Blockboard,Kerajinan,$311.58M
Papua Barat,HKM HD HTR,Setengah Jadi,Rimba Campuran,Bare Core,Panel,$9.32B
DKI Jakarta,HKM HD Kemitraan,Limbah,Kelompok Meranti,Wood Pellet,Paper,$836.2M
Tenggara Barat,IUPHHK HA,Kayu Tanaman,Jenis Khusus,Particle Board,Pulp,$1.54B
Kalimantan Selatan,IUPHHK HTI,Kayu Alam,Kayu Indah,Kayu Olahan Lainnya,Veneer,$710.19M
Kalimantan Barat,IUPHHK RE,Kayu Perkebunan,Jenis Kayu Lainnya,Moulding,Woodworking,$685.28M
DKI Jakarta,UPHHK HTR,Setengah Jadi,Kayu Eboni,Finger Joint Board,Banguna Prefabrikasi,$2.16B
Sumatera Utara,Hutan Produksi,Limbah,Hutan Tanaman Industri,Chipwood,Chipwood,$2.05B
DI Yogyakarta,HKM HD HTR,Kayu Tanaman,Rimba Campuran,Pulp. Kayu Lapis dan LVL,Furnitur Kayu,n/a
Riau,HKM HD Kemitraan,Kayu Alam,Kelompok Meranti,Kayu Gergajian,Kerajinan,$61M
Jawa Tengah,IUPHHK HA,Kayu Perkebunan,Jenis Khusus,Veneer,Panel,$2.96B
Jawa Tengah,IUPHHK HTI,Setengah Jadi,Kayu Indah,Blockboard,Paper,n/a
Bali,IUPHHK RE,Limbah,Jenis Kayu Lainnya,Bare Core,Pulp,$6.99B
Bali,UPHHK HTR,Kayu Tanaman,Kayu Eboni,Wood Pellet,Veneer,$1.61B
Jawa Barat,Hutan Produksi,Kayu Alam,Hutan Tanaman Industri,Particle Board,Woodworking,$248.85M
Sumatera Selatan,HKM HD HTR,Kayu Perkebunan,Rimba Campuran,Kayu Olahan Lainnya,Banguna Prefabrikasi,n/a
Riau,HKM HD Kemitraan,Setengah Jadi,Kelompok Meranti,Moulding,Chipwood,$414.14M
Kalimantan Utara,IUPHHK HA,Limbah,Jenis Khusus,Finger Joint Board,Furnitur Kayu,n/a
Papua Barat,IUPHHK HTI,Kayu Tanaman,Kayu Indah,Chipwood,Kerajinan,n/a
Bengkulu,IUPHHK RE,Kayu Alam,Jenis Kayu Lainnya,Pulp. Kayu Lapis dan LVL,Panel,n/a
Banten,UPHHK HTR,Kayu Perkebunan,Kayu Eboni,Kayu Gergajian,Paper,$14.65M
Kalimantan Barat,Hutan Produksi,Setengah Jadi,Hutan Tanaman Industri,Veneer,Pulp,n/a
Jawa Barat,HKM HD HTR,Limbah,Rimba Campuran,Blockboard,Veneer,$126.72M
Riau,HKM HD Kemitraan,Kayu Tanaman,Kelompok Meranti,Bare Core,Woodworking,n/a
Kalimantan Selatan,IUPHHK HA,Kayu Alam,Jenis Khusus,Wood Pellet,Banguna Prefabrikasi,$356.59M
Gorontalo,IUPHHK HTI,Kayu Perkebunan,Kayu Indah,Particle Board,Chipwood,n/a
Jambi,IUPHHK RE,Setengah Jadi,Jenis Kayu Lainnya,Kayu Olahan Lainnya,Furnitur Kayu,$656.34M
Jawa Barat,UPHHK HTR,Limbah,Kayu Eboni,Moulding,Kerajinan,$8.42B
Bali,Hutan Produksi,Kayu Tanaman,Hutan Tanaman Industri,Finger Joint Board,Panel,$592.24M
Gorontalo,HKM HD HTR,Kayu Alam,Rimba Campuran,Chipwood,Paper,n/a
Sumatera Utara,HKM HD Kemitraan,Kayu Perkebunan,Kelompok Meranti,Pulp. Kayu Lapis dan LVL,Pulp,$29.24M
DI Yogyakarta,IUPHHK HA,Setengah Jadi,Jenis Khusus,Kayu Gergajian,Veneer,$208.46M
Kalimantan Utara,IUPHHK HTI,Limbah,Kayu Indah,Veneer,Woodworking,$864.84M
Sumatera Barat,IUPHHK RE,Kayu Tanaman,Jenis Kayu Lainnya,Blockboard,Banguna Prefabrikasi,n/a
Gorontalo,UPHHK HTR,Kayu Alam,Kayu Eboni,Bare Core,Chipwood,$496.77M
Tenggara Barat,Hutan Produksi,Kayu Perkebunan,Hutan Tanaman Industri,Wood Pellet,Furnitur Kayu,$1.52B
Sulawesi Utara,HKM HD HTR,Setengah Jadi,Rimba Campuran,Particle Board,Kerajinan,$75.19B
Papua,HKM HD Kemitraan,Limbah,Kelompok Meranti,Kayu Olahan Lainnya,Panel,$467.31M
Sulawesi Tengah,IUPHHK HA,Kayu Tanaman,Jenis Khusus,Moulding,Paper,$2.97B
Papua Barat,IUPHHK HTI,Kayu Alam,Kayu Indah,Finger Joint Board,Pulp,$1.07B
Sumatera Utara,IUPHHK RE,Kayu Perkebunan,Jenis Kayu Lainnya,Chipwood,Veneer,$199.67M
Sumatera Barat,UPHHK HTR,Setengah Jadi,Kayu Eboni,Pulp. Kayu Lapis dan LVL,Woodworking,$882.34M
Sumatera Barat,Hutan Produksi,Limbah,Hutan Tanaman Industri,Kayu Gergajian,Banguna Prefabrikasi,$2.25B
Sumatera Barat,HKM HD HTR,Kayu Tanaman,Rimba Campuran,Veneer,Chipwood,n/a
DKI Jakarta,HKM HD Kemitraan,Kayu Alam,Kelompok Meranti,Blockboard,Furnitur Kayu,$15.33B
Jawa Barat,IUPHHK HA,Kayu Perkebunan,Jenis Khusus,Bare Core,Kerajinan,$219.73M
Kalimantan Timur,IUPHHK HTI,Setengah Jadi,Kayu Indah,Wood Pellet,Panel,$172.36M
Sulawesi Utara,IUPHHK RE,Limbah,Jenis Kayu Lainnya,Particle Board,Paper,$1.62B
Kalimantan Tengah,UPHHK HTR,Kayu Tanaman,Kayu Eboni,Kayu Olahan Lainnya,Pulp,$603.44M
Jawa Timur,Hutan Produksi,Kayu Alam,Hutan Tanaman Industri,Moulding,Veneer,$3.74B
Kepulauan,HKM HD HTR,Kayu Perkebunan,Rimba Campuran,Finger Joint Board,Woodworking,$618.24M
Banten,HKM HD Kemitraan,Setengah Jadi,Kelompok Meranti,Chipwood,Banguna Prefabrikasi,$92.99M
Sulawesi Utara,IUPHHK HA,Limbah,Jenis Khusus,Pulp. Kayu Lapis dan LVL,Chipwood,$33.03B
Banten,IUPHHK HTI,Kayu Tanaman,Kayu Indah,Kayu Gergajian,Furnitur Kayu,$315.81M
Jambi,IUPHHK RE,Kayu Alam,Jenis Kayu Lainnya,Veneer,Kerajinan,$1.3B
Nusa,UPHHK HTR,Kayu Perkebunan,Kayu Eboni,Blockboard,Panel,$171.78M
Jawa Timur,Hutan Produksi,Setengah Jadi,Hutan Tanaman Industri,Bare Core,Paper,n/a
Kalimantan Utara,HKM HD HTR,Limbah,Rimba Campuran,Wood Pellet,Pulp,$83.27M
Kalimantan Barat,HKM HD Kemitraan,Kayu Tanaman,Kelompok Meranti,Particle Board,Veneer,$654.41M
Sulawesi Tengah,IUPHHK HA,Kayu Alam,Jenis Khusus,Kayu Olahan Lainnya,Woodworking,$618.69M
DI Yogyakarta,IUPHHK HTI,Kayu Perkebunan,Kayu Indah,Moulding,Banguna Prefabrikasi,$65.74M
Jawa Tengah,IUPHHK RE,Setengah Jadi,Jenis Kayu Lainnya,Finger Joint Board,Chipwood,$885.73M
Kalimantan Timur,UPHHK HTR,Limbah,Kayu Eboni,Chipwood,Furnitur Kayu,$3.93B
Sulawesi Tengah,Hutan Produksi,Kayu Tanaman,Hutan Tanaman Industri,Pulp. Kayu Lapis dan LVL,Kerajinan,n/a
Sumatera Selatan,HKM HD HTR,Kayu Alam,Rimba Campuran,Kayu Gergajian,Panel,$9.37B
Jawa Tengah,HKM HD Kemitraan,Kayu Perkebunan,Kelompok Meranti,Veneer,Paper,n/a
Lampung,IUPHHK HA,Setengah Jadi,Jenis Khusus,Blockboard,Pulp,n/a
Papua Barat,IUPHHK HTI,Limbah,Kayu Indah,Bare Core,Veneer,$174.98M
Sulawesi Utara,IUPHHK RE,Kayu Tanaman,Jenis Kayu Lainnya,Wood Pellet,Woodworking,$1.92B
Riau,UPHHK HTR,Kayu Alam,Kayu Eboni,Particle Board,Banguna Prefabrikasi,$253.22M
Kalimantan Tengah,Hutan Produksi,Kayu Perkebunan,Hutan Tanaman Industri,Kayu Olahan Lainnya,Chipwood,$2.72B
Sumatera Barat,HKM HD HTR,Setengah Jadi,Rimba Campuran,Moulding,Furnitur Kayu,$313.91M
Bali,HKM HD Kemitraan,Limbah,Kelompok Meranti,Finger Joint Board,Kerajinan,$184.47M
Riau,IUPHHK HA,Kayu Tanaman,Jenis Khusus,Chipwood,Panel,$144.44M
Riau,IUPHHK HTI,Kayu Alam,Kayu Indah,Pulp. Kayu Lapis dan LVL,Paper,$307.3M
Jambi,IUPHHK RE,Kayu Perkebunan,Jenis Kayu Lainnya,Kayu Gergajian,Pulp,n/a
Sulawesi Tengah,UPHHK HTR,Setengah Jadi,Kayu Eboni,Veneer,Veneer,$4.45B
Kalimantan Selatan,Hutan Produksi,Limbah,Hutan Tanaman Industri,Blockboard,Woodworking,$433.25M
Maluku,HKM HD HTR,Kayu Tanaman,Rimba Campuran,Bare Core,Banguna Prefabrikasi,$753.17M
Bengkulu,HKM HD Kemitraan,Kayu Alam,Kelompok Meranti,Wood Pellet,Chipwood,$51.13M
Sulawesi Selatan,IUPHHK HA,Kayu Perkebunan,Jenis Khusus,Particle Board,Furnitur Kayu,$305.91M
DI Yogyakarta,IUPHHK HTI,Setengah Jadi,Kayu Indah,Kayu Olahan Lainnya,Kerajinan,$23.91B
Nusa Tenggara Timur,IUPHHK RE,Limbah,Jenis Kayu Lainnya,Moulding,Panel,n/a
Jawa Timur,UPHHK HTR,Kayu Tanaman,Kayu Eboni,Finger Joint Board,Paper,$13B
Papua,Hutan Produksi,Kayu Alam,Hutan Tanaman Industri,Chipwood,Pulp,$158.15B
Papua Barat,HKM HD HTR,Kayu Perkebunan,Rimba Campuran,Pulp. Kayu Lapis dan LVL,Veneer,$6.4B
Sulawesi Tengah,HKM HD Kemitraan,Setengah Jadi,Kelompok Meranti,Kayu Gergajian,Woodworking,n/a
Riau,IUPHHK HA,Limbah,Jenis Khusus,Veneer,Banguna Prefabrikasi,n/a
Sumatera Utara,IUPHHK HTI,Kayu Tanaman,Kayu Indah,Blockboard,Chipwood,$2.78B
Kalimantan Tengah,IUPHHK RE,Kayu Alam,Jenis Kayu Lainnya,Bare Core,Furnitur Kayu,n/a
DKI Jakarta,UPHHK HTR,Kayu Perkebunan,Kayu Eboni,Wood Pellet,Kerajinan,$19.78M
Jawa Barat,Hutan Produksi,Setengah Jadi,Hutan Tanaman Industri,Particle Board,Panel,$4.34B
Jawa Barat,HKM HD HTR,Limbah,Rimba Campuran,Kayu Olahan Lainnya,Paper,n/a
Kalimantan Utara,HKM HD Kemitraan,Kayu Tanaman,Kelompok Meranti,Moulding,Pulp,n/a
Sumatera Selatan,IUPHHK HA,Kayu Alam,Jenis Khusus,Finger Joint Board,Veneer,$42.78M
Maluku Utara,IUPHHK HTI,Kayu Perkebunan,Kayu Indah,Chipwood,Woodworking,$483.16M
Nusa Tenggara Timur,IUPHHK RE,Setengah Jadi,Jenis Kayu Lainnya,Pulp. Kayu Lapis dan LVL,Banguna Prefabrikasi,$122.41M
Sulawesi Tengah,UPHHK HTR,Limbah,Kayu Eboni,Kayu Gergajian,Chipwood,$300.24M
DI Yogyakarta,Hutan Produksi,Kayu Tanaman,Hutan Tanaman Industri,Veneer,Furnitur Kayu,$49.81M
Kalimantan Tengah,HKM HD HTR,Kayu Alam,Rimba Campuran,Blockboard,Kerajinan,$99.14M
Jawa Tengah,HKM HD Kemitraan,Kayu Perkebunan,Kelompok Meranti,Bare Core,Panel,$47.32B
Riau,IUPHHK HA,Setengah Jadi,Jenis Khusus,Wood Pellet,Paper,$171.9M
Maluku Utara,IUPHHK HTI,Limbah,Kayu Indah,Particle Board,Pulp,$535.68M
Kalimantan Tengah,IUPHHK RE,Kayu Tanaman,Jenis Kayu Lainnya,Kayu Olahan Lainnya,Veneer,$45.41M
Nusa,UPHHK HTR,Kayu Alam,Kayu Eboni,Moulding,Woodworking,n/a
Jawa Barat,Hutan Produksi,Kayu Perkebunan,Hutan Tanaman Industri,Finger Joint Board,Banguna Prefabrikasi,$49.8M
Papua Barat,HKM HD HTR,Setengah Jadi,Rimba Campuran,Chipwood,Chipwood,$493.54M
Maluku Utara,HKM HD Kemitraan,Limbah,Kelompok Meranti,Pulp. Kayu Lapis dan LVL,Furnitur Kayu,$195.66M
Jambi,IUPHHK HA,Kayu Tanaman,Jenis Khusus,Kayu Gergajian,Kerajinan,$6.48B
Kalimantan Utara,IUPHHK HTI,Kayu Alam,Kayu Indah,Veneer,Panel,$985.8M
Gorontalo,IUPHHK RE,Kayu Perkebunan,Jenis Kayu Lainnya,Blockboard,Paper,n/a
Bali,UPHHK HTR,Setengah Jadi,Kayu Eboni,Bare Core,Pulp,$24.06B
Lampung,Hutan Produksi,Limbah,Hutan Tanaman Industri,Wood Pellet,Veneer,$7.35B
Kalimantan Selatan,HKM HD HTR,Kayu Tanaman,Rimba Campuran,Particle Board,Woodworking,$102.63B
Lampung,HKM HD Kemitraan,Kayu Alam,Kelompok Meranti,Kayu Olahan Lainnya,Banguna Prefabrikasi,n/a
Sumatera Selatan,IUPHHK HA,Kayu Perkebunan,Jenis Khusus,Moulding,Chipwood,$324.79M
Kalimantan Timur,IUPHHK HTI,Setengah Jadi,Kayu Indah,Finger Joint Board,Furnitur Kayu,$7.1B
Sumatera Utara,IUPHHK RE,Limbah,Jenis Kayu Lainnya,Chipwood,Kerajinan,$3.4B
Sulawesi Tengah,UPHHK HTR,Kayu Tanaman,Kayu Eboni,Pulp. Kayu Lapis dan LVL,Panel,$226.66M
Jawa Barat,Hutan Produksi,Kayu Alam,Hutan Tanaman Industri,Kayu Gergajian,Paper,$22.77B
Sulawesi Utara,HKM HD HTR,Kayu Perkebunan,Rimba Campuran,Veneer,Pulp,$165.11B
Papua Barat,HKM HD Kemitraan,Setengah Jadi,Kelompok Meranti,Blockboard,Veneer,$54.95M
Riau,IUPHHK HA,Limbah,Jenis Khusus,Bare Core,Woodworking,n/a
Tenggara Barat,IUPHHK HTI,Kayu Tanaman,Kayu Indah,Wood Pellet,Banguna Prefabrikasi,$21.18M
Jambi,IUPHHK RE,Kayu Alam,Jenis Kayu Lainnya,Particle Board,Chipwood,$1.33B
Jawa Tengah,UPHHK HTR,Kayu Perkebunan,Kayu Eboni,Kayu Olahan Lainnya,Furnitur Kayu,$12.81M
Sumatera Selatan,Hutan Produksi,Setengah Jadi,Hutan Tanaman Industri,Moulding,Kerajinan,$246.04M
Tenggara Barat,HKM HD HTR,Limbah,Rimba Campuran,Finger Joint Board,Panel,$411.13M
Gorontalo,HKM HD Kemitraan,Kayu Tanaman,Kelompok Meranti,Chipwood,Paper,$1.95B
DI Yogyakarta,IUPHHK HA,Kayu Alam,Jenis Khusus,Pulp. Kayu Lapis dan LVL,Pulp,$208.63M
Bengkulu,IUPHHK HTI,Kayu Perkebunan,Kayu Indah,Kayu Gergajian,Veneer,$16.65B
Maluku,IUPHHK RE,Setengah Jadi,Jenis Kayu Lainnya,Veneer,Woodworking,$9.94M
DI Yogyakarta,UPHHK HTR,Limbah,Kayu Eboni,Blockboard,Banguna Prefabrikasi,$1.94B
Riau,Hutan Produksi,Kayu Tanaman,Hutan Tanaman Industri,Bare Core,Chipwood,n/a
Gorontalo,HKM HD HTR,Kayu Alam,Rimba Campuran,Wood Pellet,Furnitur Kayu,$437.4M
Maluku,HKM HD Kemitraan,Kayu Perkebunan,Kelompok Meranti,Particle Board,Kerajinan,$98.16M
Kalimantan Utara,IUPHHK HA,Setengah Jadi,Jenis Khusus,Kayu Olahan Lainnya,Panel,n/a
Papua,IUPHHK HTI,Limbah,Kayu Indah,Moulding,Paper,$320.72M
Kepulauan,IUPHHK RE,Kayu Tanaman,Jenis Kayu Lainnya,Finger Joint Board,Pulp,$135.24B
Bengkulu,UPHHK HTR,Kayu Alam,Kayu Eboni,Chipwood,Veneer,$1.16B
Papua,Hutan Produksi,Kayu Perkebunan,Hutan Tanaman Industri,Pulp. Kayu Lapis dan LVL,Woodworking,$130.19M
Papua Barat,HKM HD HTR,Setengah Jadi,Rimba Campuran,Kayu Gergajian,Banguna Prefabrikasi,$10.51B
Banten,HKM HD Kemitraan,Limbah,Kelompok Meranti,Veneer,Chipwood,n/a
Kalimantan Timur,IUPHHK HA,Kayu Tanaman,Jenis Khusus,Blockboard,Furnitur Kayu,$399.01M
Sulawesi Selatan,IUPHHK HTI,Kayu Alam,Kayu Indah,Bare Core,Kerajinan,n/a
Sulawesi Utara,IUPHHK RE,Kayu Perkebunan,Jenis Kayu Lainnya,Wood Pellet,Panel,$420.14M
Kalimantan Timur,UPHHK HTR,Setengah Jadi,Kayu Eboni,Particle Board,Paper,$2.34B
Jambi,Hutan Produksi,Limbah,Hutan Tanaman Industri,Kayu Olahan Lainnya,Pulp,n/a
Kalimantan Barat,HKM HD HTR,Kayu Tanaman,Rimba Campuran,Moulding,Veneer,$6.79M
Kalimantan Selatan,HKM HD Kemitraan,Kayu Alam,Kelompok Meranti,Finger Joint Board,Woodworking,$343.37M
Riau,IUPHHK HA,Kayu Perkebunan,Jenis Khusus,Chipwood,Banguna Prefabrikasi,$2.78B
Sulawesi Selatan,IUPHHK HTI,Setengah Jadi,Kayu Indah,Pulp. Kayu Lapis dan LVL,Chipwood,$1.32B
Bengkulu,IUPHHK RE,Limbah,Jenis Kayu Lainnya,Kayu Gergajian,Furnitur Kayu,$4.15B
Jambi,UPHHK HTR,Kayu Tanaman,Kayu Eboni,Veneer,Kerajinan,$33.83M
Sulawesi Utara,Hutan Produksi,Kayu Alam,Hutan Tanaman Industri,Blockboard,Panel,n/a
Nusa,HKM HD HTR,Kayu Perkebunan,Rimba Campuran,Bare Core,Paper,$3.72B
Papua,HKM HD Kemitraan,Setengah Jadi,Kelompok Meranti,Wood Pellet,Pulp,$272.97M
Jambi,IUPHHK HA,Limbah,Jenis Khusus,Particle Board,Veneer,$19.89B
Bali,IUPHHK HTI,Kayu Tanaman,Kayu Indah,Kayu Olahan Lainnya,Woodworking,$327.82M
Kalimantan Selatan,IUPHHK RE,Kayu Alam,Jenis Kayu Lainnya,Moulding,Banguna Prefabrikasi,$581.4M
Kalimantan Tengah,UPHHK HTR,Kayu Perkebunan,Kayu Eboni,Finger Joint Board,Chipwood,$312.5M
Sumatera Utara,Hutan Produksi,Setengah Jadi,Hutan Tanaman Industri,Chipwood,Furnitur Kayu,$49.8M
Maluku Utara,HKM HD HTR,Limbah,Rimba Campuran,Pulp. Kayu Lapis dan LVL,Kerajinan,$279.5M
Riau,HKM HD Kemitraan,Kayu Tanaman,Kelompok Meranti,Kayu Gergajian,Panel,$36.94M
Jambi,IUPHHK HA,Kayu Alam,Jenis Khusus,Veneer,Paper,$243.18M
Sumatera Selatan,IUPHHK HTI,Kayu Perkebunan,Kayu Indah,Blockboard,Pulp,n/a
Riau,IUPHHK RE,Setengah Jadi,Jenis Kayu Lainnya,Bare Core,Veneer,$14.46B
Papua,UPHHK HTR,Limbah,Kayu Eboni,Wood Pellet,Woodworking,$1.18B
Sulawesi Utara,Hutan Produksi,Kayu Tanaman,Hutan Tanaman Industri,Particle Board,Banguna Prefabrikasi,$68.38M
Sulawesi Selatan,HKM HD HTR,Kayu Alam,Rimba Campuran,Kayu Olahan Lainnya,Chipwood,n/a
Sumatera Utara,HKM HD Kemitraan,Kayu Perkebunan,Kelompok Meranti,Moulding,Furnitur Kayu,n/a
Kalimantan Tengah,IUPHHK HA,Setengah Jadi,Jenis Khusus,Finger Joint Board,Kerajinan,$204.58M
Jambi,IUPHHK HTI,Limbah,Kayu Indah,Chipwood,Panel,$10.27B
Bali,IUPHHK RE,Kayu Tanaman,Jenis Kayu Lainnya,Pulp. Kayu Lapis dan LVL,Paper,$136.26M
Jambi,UPHHK HTR,Kayu Alam,Kayu Eboni,Kayu Gergajian,Pulp,$2.16B
Papua,Hutan Produksi,Kayu Perkebunan,Hutan Tanaman Industri,Veneer,Veneer,$145.93M
Papua,HKM HD HTR,Setengah Jadi,Rimba Campuran,Blockboard,Woodworking,$4.08B
Riau,HKM HD Kemitraan,Limbah,Kelompok Meranti,Bare Core,Banguna Prefabrikasi,$22.2B
Nusa,IUPHHK HA,Kayu Tanaman,Jenis Khusus,Wood Pellet,Chipwood,$4.62M
Nusa,IUPHHK HTI,Kayu Alam,Kayu Indah,Particle Board,Furnitur Kayu,$8.07B
DI Yogyakarta,IUPHHK RE,Kayu Perkebunan,Jenis Kayu Lainnya,Kayu Olahan Lainnya,Kerajinan,$9.54B
Maluku,UPHHK HTR,Setengah Jadi,Kayu Eboni,Moulding,Panel,$54.78M
Tenggara Barat,Hutan Produksi,Limbah,Hutan Tanaman Industri,Finger Joint Board,Paper,$4.27B
Kalimantan Timur,HKM HD HTR,Kayu Tanaman,Rimba Campuran,Chipwood,Pulp,$2.29B
Kalimantan Barat,HKM HD Kemitraan,Kayu Alam,Kelompok Meranti,Pulp. Kayu Lapis dan LVL,Veneer,$5.53B
Nusa Tenggara Timur,IUPHHK HA,Kayu Perkebunan,Jenis Khusus,Kayu Gergajian,Woodworking,$69.38M
Kalimantan Utara,IUPHHK HTI,Setengah Jadi,Kayu Indah,Veneer,Banguna Prefabrikasi,$25.37B
Maluku Utara,IUPHHK RE,Limbah,Jenis Kayu Lainnya,Blockboard,Chipwood,$219.23M
Kalimantan Barat,UPHHK HTR,Kayu Tanaman,Kayu Eboni,Bare Core,Furnitur Kayu,$433.94M
Sumatera Utara,Hutan Produksi,Kayu Alam,Hutan Tanaman Industri,Wood Pellet,Kerajinan,$736.77M
Riau,HKM HD HTR,Kayu Perkebunan,Rimba Campuran,Particle Board,Panel,n/a
Kalimantan Tengah,HKM HD Kemitraan,Setengah Jadi,Kelompok Meranti,Kayu Olahan Lainnya,Paper,$7.68B
Kepulauan,IUPHHK HA,Limbah,Jenis Khusus,Moulding,Pulp,$37.26M
DKI Jakarta,IUPHHK HTI,Kayu Tanaman,Kayu Indah,Finger Joint Board,Veneer,$556.9M
Riau,IUPHHK RE,Kayu Alam,Jenis Kayu Lainnya,Chipwood,Woodworking,$551.94M
DKI Jakarta,UPHHK HTR,Kayu Perkebunan,Kayu Eboni,Pulp. Kayu Lapis dan LVL,Banguna Prefabrikasi,$2.41B
Tenggara Barat,Hutan Produksi,Setengah Jadi,Hutan Tanaman Industri,Kayu Gergajian,Chipwood,$2.43B
Sulawesi Selatan,HKM HD HTR,Limbah,Rimba Campuran,Veneer,Furnitur Kayu,$2.32B
Jawa Barat,HKM HD Kemitraan,Kayu Tanaman,Kelompok Meranti,Blockboard,Kerajinan,$3.77B
Kalimantan Tengah,IUPHHK HA,Kayu Alam,Jenis Khusus,Bare Core,Panel,$408.55M
Sumatera Utara,IUPHHK HTI,Kayu Perkebunan,Kayu Indah,Wood Pellet,Paper,$189.21M
Kepulauan,IUPHHK RE,Setengah Jadi,Jenis Kayu Lainnya,Particle Board,Pulp,n/a
Sulawesi Utara,UPHHK HTR,Limbah,Kayu Eboni,Kayu Olahan Lainnya,Veneer,$214.54M
Tenggara Barat,Hutan Produksi,Kayu Tanaman,Hutan Tanaman Industri,Moulding,Woodworking,n/a
Sulawesi Tengah,HKM HD HTR,Kayu Alam,Rimba Campuran,Finger Joint Board,Banguna Prefabrikasi,$13.15M
Kalimantan Selatan,HKM HD Kemitraan,Kayu Perkebunan,Kelompok Meranti,Chipwood,Chipwood,n/a
Papua,IUPHHK HA,Setengah Jadi,Jenis Khusus,Pulp. Kayu Lapis dan LVL,Furnitur Kayu,$695.42M
Kalimantan Utara,IUPHHK HTI,Limbah,Kayu Indah,Kayu Gergajian,Kerajinan,$441.95M
Nusa,IUPHHK RE,Kayu Tanaman,Jenis Kayu Lainnya,Veneer,Panel,n/a
Kalimantan Utara,UPHHK HTR,Kayu Alam,Kayu Eboni,Blockboard,Paper,$398.31M
Sulawesi Selatan,Hutan Produksi,Kayu Perkebunan,Hutan Tanaman Industri,Bare Core,Pulp,$302.35M
Riau,HKM HD HTR,Setengah Jadi,Rimba Campuran,Wood Pellet,Veneer,$122.36M
Sumatera Barat,HKM HD Kemitraan,Limbah,Kelompok Meranti,Particle Board,Woodworking,$3.02B
Sumatera Barat,IUPHHK HA,Kayu Tanaman,Jenis Khusus,Kayu Olahan Lainnya,Banguna Prefabrikasi,$6.97B
Papua Barat,IUPHHK HTI,Kayu Alam,Kayu Indah,Moulding,Chipwood,$55.38M
Nusa,IUPHHK RE,Kayu Perkebunan,Jenis Kayu Lainnya,Finger Joint Board,Furnitur Kayu,n/a
Tenggara Barat,UPHHK HTR,Setengah Jadi,Kayu Eboni,Chipwood,Kerajinan,$749.12M
Sumatera Utara,Hutan Produksi,Limbah,Hutan Tanaman Industri,Pulp. Kayu Lapis dan LVL,Panel,$519.03M
Kalimantan Timur,HKM HD HTR,Kayu Tanaman,Rimba Campuran,Kayu Gergajian,Paper,$4.11B
Sulawesi Selatan,HKM HD Kemitraan,Kayu Alam,Kelompok Meranti,Veneer,Pulp,$3.26B
Nusa,IUPHHK HA,Kayu Perkebunan,Jenis Khusus,Blockboard,Veneer,n/a
Jawa Timur,IUPHHK HTI,Setengah Jadi,Kayu Indah,Bare Core,Woodworking,$273.46M
DI Yogyakarta,IUPHHK RE,Limbah,Jenis Kayu Lainnya,Wood Pellet,Banguna Prefabrikasi,$22.36M
Jawa Barat,UPHHK HTR,Kayu Tanaman,Kayu Eboni,Particle Board,Chipwood,$19.39B
Bali,Hutan Produksi,Kayu Alam,Hutan Tanaman Industri,Kayu Olahan Lainnya,Furnitur Kayu,$1.06B
Sumatera Utara,HKM HD HTR,Kayu Perkebunan,Rimba Campuran,Moulding,Kerajinan,$559.33M
Sumatera Selatan,HKM HD Kemitraan,Setengah Jadi,Kelompok Meranti,Finger Joint Board,Panel,$2.2B
Sulawesi Tengah,IUPHHK HA,Limbah,Jenis Khusus,Chipwood,Paper,$5.07B
Kalimantan Barat,IUPHHK HTI,Kayu Tanaman,Kayu Indah,Pulp. Kayu Lapis dan LVL,Pulp,$137.93M
Kalimantan Utara,IUPHHK RE,Kayu Alam,Jenis Kayu Lainnya,Kayu Gergajian,Veneer,$1.05B
Bengkulu,UPHHK HTR,Kayu Perkebunan,Kayu Eboni,Veneer,Woodworking,$501.29M
Jawa Barat,Hutan Produksi,Setengah Jadi,Hutan Tanaman Industri,Blockboard,Banguna Prefabrikasi,$10.46M
Jawa Timur,HKM HD HTR,Limbah,Rimba Campuran,Bare Core,Chipwood,$12.29M
DI Yogyakarta,HKM HD Kemitraan,Kayu Tanaman,Kelompok Meranti,Wood Pellet,Furnitur Kayu,$4.9B
Riau,IUPHHK HA,Kayu Alam,Jenis Khusus,Particle Board,Kerajinan,$18.83M
Papua Barat,IUPHHK HTI,Kayu Perkebunan,Kayu Indah,Kayu Olahan Lainnya,Panel,$893.84M
Sulawesi Utara,IUPHHK RE,Setengah Jadi,Jenis Kayu Lainnya,Moulding,Paper,$7.66B
Jawa Tengah,UPHHK HTR,Limbah,Kayu Eboni,Finger Joint Board,Pulp,$12.16M
Jawa Barat,Hutan Produksi,Kayu Tanaman,Hutan Tanaman Industri,Chipwood,Veneer,$48.27M
Jawa Barat,HKM HD HTR,Kayu Alam,Rimba Campuran,Pulp. Kayu Lapis dan LVL,Woodworking,$19.76M
DI Yogyakarta,HKM HD Kemitraan,Kayu Perkebunan,Kelompok Meranti,Kayu Gergajian,Banguna Prefabrikasi,$1.09B
Riau,IUPHHK HA,Setengah Jadi,Jenis Khusus,Veneer,Chipwood,$62.85M
Lampung,IUPHHK HTI,Limbah,Kayu Indah,Blockboard,Furnitur Kayu,$1.21B
Kepulauan,IUPHHK RE,Kayu Tanaman,Jenis Kayu Lainnya,Bare Core,Kerajinan,$589.55M
Sumatera Utara,UPHHK HTR,Kayu Alam,Kayu Eboni,Wood Pellet,Panel,$3.53B
Maluku,Hutan Produksi,Kayu Perkebunan,Hutan Tanaman Industri,Particle Board,Paper,$376.32M
Kalimantan Timur,HKM HD HTR,Setengah Jadi,Rimba Campuran,Kayu Olahan Lainnya,Pulp,$1.77B
Jawa Tengah,HKM HD Kemitraan,Limbah,Kelompok Meranti,Moulding,Veneer,$92.99M
Sulawesi Selatan,IUPHHK HA,Kayu Tanaman,Jenis Khusus,Finger Joint Board,Woodworking,n/a
Kalimantan Barat,IUPHHK HTI,Kayu Alam,Kayu Indah,Chipwood,Banguna Prefabrikasi,$33.49M
DKI Jakarta,IUPHHK RE,Kayu Perkebunan,Jenis Kayu Lainnya,Pulp. Kayu Lapis dan LVL,Chipwood,n/a
Kalimantan Barat,UPHHK HTR,Setengah Jadi,Kayu Eboni,Kayu Gergajian,Furnitur Kayu,$10.72B
Jawa Barat,Hutan Produksi,Limbah,Hutan Tanaman Industri,Veneer,Kerajinan,$37.65M
Kalimantan Selatan,HKM HD HTR,Kayu Tanaman,Rimba Campuran,Blockboard,Panel,$17.7B
Kalimantan Utara,HKM HD Kemitraan,Kayu Alam,Kelompok Meranti,Bare Core,Paper,$907.72M
Banten,IUPHHK HA,Kayu Perkebunan,Jenis Khusus,Wood Pellet,Pulp,n/a
Kalimantan Timur,IUPHHK HTI,Setengah Jadi,Kayu Indah,Particle Board,Veneer,$2.15B
DKI Jakarta,IUPHHK RE,Limbah,Jenis Kayu Lainnya,Kayu Olahan Lainnya,Woodworking,$5.04B
Banten,UPHHK HTR,Kayu Tanaman,Kayu Eboni,Moulding,Banguna Prefabrikasi,$552.77M
Banten,Hutan Produksi,Kayu Alam,Hutan Tanaman Industri,Finger Joint Board,Chipwood,$362.41M
Sumatera Selatan,HKM HD HTR,Kayu Perkebunan,Rimba Campuran,Chipwood,Furnitur Kayu,$1.76B
Banten,HKM HD Kemitraan,Setengah Jadi,Kelompok Meranti,Pulp. Kayu Lapis dan LVL,Kerajinan,n/a
Riau,IUPHHK HA,Limbah,Jenis Khusus,Kayu Gergajian,Panel,$111.49M
Sumatera Utara,IUPHHK HTI,Kayu Tanaman,Kayu Indah,Veneer,Paper,n/a
Kalimantan Timur,IUPHHK RE,Kayu Alam,Jenis Kayu Lainnya,Blockboard,Pulp,$1.16B
Kalimantan Selatan,UPHHK HTR,Kayu Perkebunan,Kayu Eboni,Bare Core,Veneer,n/a
Nusa,Hutan Produksi,Setengah Jadi,Hutan Tanaman Industri,Wood Pellet,Woodworking,n/a
Kalimantan Utara,HKM HD HTR,Limbah,Rimba Campuran,Particle Board,Banguna Prefabrikasi,$54.39M
Jawa Tengah,HKM HD Kemitraan,Kayu Tanaman,Kelompok Meranti,Kayu Olahan Lainnya,Chipwood,$2.43B
Jawa Tengah,IUPHHK HA,Kayu Alam,Jenis Khusus,Moulding,Furnitur Kayu,$99.1M
Sulawesi Utara,IUPHHK HTI,Kayu Perkebunan,Kayu Indah,Finger Joint Board,Kerajinan,n/a
Jawa Timur,IUPHHK RE,Setengah Jadi,Jenis Kayu Lainnya,Chipwood,Panel,$261.9M
Sulawesi Tengah,UPHHK HTR,Limbah,Kayu Eboni,Pulp. Kayu Lapis dan LVL,Paper,$11.35M
Kalimantan Utara,Hutan Produksi,Kayu Tanaman,Hutan Tanaman Industri,Kayu Gergajian,Pulp,$37.92B
Kalimantan Utara,HKM HD HTR,Kayu Alam,Rimba Campuran,Veneer,Veneer,n/a
Banten,HKM HD Kemitraan,Kayu Perkebunan,Kelompok Meranti,Blockboard,Woodworking,$24.45M
DI Yogyakarta,IUPHHK HA,Setengah Jadi,Jenis Khusus,Bare Core,Banguna Prefabrikasi,$3.08B
Sulawesi Utara,IUPHHK HTI,Limbah,Kayu Indah,Wood Pellet,Chipwood,n/a
Kalimantan Timur,IUPHHK RE,Kayu Tanaman,Jenis Kayu Lainnya,Particle Board,Furnitur Kayu,$1.48B
Riau,UPHHK HTR,Kayu Alam,Kayu Eboni,Kayu Olahan Lainnya,Kerajinan,n/a
Nusa Tenggara Timur,Hutan Produksi,Kayu Perkebunan,Hutan Tanaman Industri,Moulding,Panel,$2.92B
Gorontalo,HKM HD HTR,Setengah Jadi,Rimba Campuran,Finger Joint Board,Paper,$1.38B
Riau,HKM HD Kemitraan,Limbah,Kelompok Meranti,Chipwood,Pulp,n/a
Kalimantan Timur,IUPHHK HA,Kayu Tanaman,Jenis Khusus,Pulp. Kayu Lapis dan LVL,Veneer,$14.24B
Kalimantan Timur,IUPHHK HTI,Kayu Alam,Kayu Indah,Kayu Gergajian,Woodworking,$39.32M
Riau,IUPHHK RE,Kayu Perkebunan,Jenis Kayu Lainnya,Veneer,Banguna Prefabrikasi,$71.11M
Kalimantan Tengah,UPHHK HTR,Setengah Jadi,Kayu Eboni,Blockboard,Chipwood,$220.31M
Sulawesi Utara,Hutan Produksi,Limbah,Hutan Tanaman Industri,Bare Core,Furnitur Kayu,$1.86B
Kalimantan Selatan,HKM HD HTR,Kayu Tanaman,Rimba Campuran,Wood Pellet,Kerajinan,$15.84M
Nusa,HKM HD Kemitraan,Kayu Alam,Kelompok Meranti,Particle Board,Panel,$9.85B
Nusa Tenggara Timur,IUPHHK HA,Kayu Perkebunan,Jenis Khusus,Kayu Olahan Lainnya,Paper,$189.23M
Jambi,IUPHHK HTI,Setengah Jadi,Kayu Indah,Moulding,Pulp,$185.39M
Kalimantan Barat,IUPHHK RE,Limbah,Jenis Kayu Lainnya,Finger Joint Board,Veneer,$8.99B
Kalimantan Tengah,UPHHK HTR,Kayu Tanaman,Kayu Eboni,Chipwood,Woodworking,$2.66B
DKI Jakarta,Hutan Produksi,Kayu Alam,Hutan Tanaman Industri,Pulp. Kayu Lapis dan LVL,Banguna Prefabrikasi,$425.82M
DI Yogyakarta,HKM HD HTR,Kayu Perkebunan,Rimba Campuran,Kayu Gergajian,Chipwood,$7.89B
Kepulauan,HKM HD Kemitraan,Setengah Jadi,Kelompok Meranti,Veneer,Furnitur Kayu,$31.07M
Nusa,IUPHHK HA,Limbah,Jenis Khusus,Blockboard,Kerajinan,$45.23B
Jawa Timur,IUPHHK HTI,Kayu Tanaman,Kayu Indah,Bare Core,Panel,$1.64B
Kalimantan Selatan,IUPHHK RE,Kayu Alam,Jenis Kayu Lainnya,Wood Pellet,Paper,$475.23M
Nusa,UPHHK HTR,Kayu Perkebunan,Kayu Eboni,Particle Board,Pulp,n/a
Sulawesi Selatan,Hutan Produksi,Setengah Jadi,Hutan Tanaman Industri,Kayu Olahan Lainnya,Veneer,$2B
Kepulauan,HKM HD HTR,Limbah,Rimba Campuran,Moulding,Woodworking,$379.39M
DKI Jakarta,HKM HD Kemitraan,Kayu Tanaman,Kelompok Meranti,Finger Joint Board,Banguna Prefabrikasi,$2.05B
Riau,IUPHHK HA,Kayu Alam,Jenis Khusus,Chipwood,Chipwood,n/a
Kalimantan Timur,IUPHHK HTI,Kayu Perkebunan,Kayu Indah,Pulp. Kayu Lapis dan LVL,Furnitur Kayu,$16.99M
Sulawesi Selatan,IUPHHK RE,Setengah Jadi,Jenis Kayu Lainnya,Kayu Gergajian,Kerajinan,$332.73M
Tenggara Barat,UPHHK HTR,Limbah,Kayu Eboni,Veneer,Panel,$69.3M
Maluku Utara,Hutan Produksi,Kayu Tanaman,Hutan Tanaman Industri,Blockboard,Paper,$61.97M
Bali,HKM HD HTR,Kayu Alam,Rimba Campuran,Bare Core,Pulp,$99.51M
Papua Barat,HKM HD Kemitraan,Kayu Perkebunan,Kelompok Meranti,Wood Pellet,Veneer,n/a
Bali,IUPHHK HA,Setengah Jadi,Jenis Khusus,Particle Board,Woodworking,$197.05M
Sumatera Utara,IUPHHK HTI,Limbah,Kayu Indah,Kayu Olahan Lainnya,Banguna Prefabrikasi,$71.3M
Sulawesi Utara,IUPHHK RE,Kayu Tanaman,Jenis Kayu Lainnya,Moulding,Chipwood,$326.22M
Jawa Barat,UPHHK HTR,Kayu Alam,Kayu Eboni,Finger Joint Board,Furnitur Kayu,$2.27B
Jambi,Hutan Produksi,Kayu Perkebunan,Hutan Tanaman Industri,Chipwood,Kerajinan,$10.45B
Sumatera Selatan,HKM HD HTR,Setengah Jadi,Rimba Campuran,Pulp. Kayu Lapis dan LVL,Panel,$828.75M
Gorontalo,HKM HD Kemitraan,Limbah,Kelompok Meranti,Kayu Gergajian,Paper,n/a
Kepulauan,IUPHHK HA,Kayu Tanaman,Jenis Khusus,Veneer,Pulp,n/a
DKI Jakarta,IUPHHK HTI,Kayu Alam,Kayu Indah,Blockboard,Veneer,n/a
Papua Barat,IUPHHK RE,Kayu Perkebunan,Jenis Kayu Lainnya,Bare Core,Woodworking,$4.09B
Gorontalo,UPHHK HTR,Setengah Jadi,Kayu Eboni,Wood Pellet,Banguna Prefabrikasi,$12.08B
Kalimantan Barat,Hutan Produksi,Limbah,Hutan Tanaman Industri,Particle Board,Chipwood,$481.23M
Nusa,HKM HD HTR,Kayu Tanaman,Rimba Campuran,Kayu Olahan Lainnya,Furnitur Kayu,$367.04M
Sulawesi Tengah,HKM HD Kemitraan,Kayu Alam,Kelompok Meranti,Moulding,Kerajinan,$78.86M
Papua Barat,IUPHHK HA,Kayu Perkebunan,Jenis Khusus,Finger Joint Board,Panel,$85M
Lampung,IUPHHK HTI,Setengah Jadi,Kayu Indah,Chipwood,Paper,$767.4M
Jambi,IUPHHK RE,Limbah,Jenis Kayu Lainnya,Pulp. Kayu Lapis dan LVL,Pulp,$3.52B
Sumatera Barat,UPHHK HTR,Kayu Tanaman,Kayu Eboni,Kayu Gergajian,Veneer,$3.79B
Kepulauan,Hutan Produksi,Kayu Alam,Hutan Tanaman Industri,Veneer,Woodworking,n/a
Jawa Tengah,HKM HD HTR,Kayu Perkebunan,Rimba Campuran,Blockboard,Banguna Prefabrikasi,$1.09B
Papua,HKM HD Kemitraan,Setengah Jadi,Kelompok Meranti,Bare Core,Chipwood,$23.24M
DKI Jakarta,IUPHHK HA,Limbah,Jenis Khusus,Wood Pellet,Furnitur Kayu,$12.15B
Jambi,IUPHHK HTI,Kayu Tanaman,Kayu Indah,Particle Board,Kerajinan,$2.16B
Sumatera Selatan,IUPHHK RE,Kayu Alam,Jenis Kayu Lainnya,Kayu Olahan Lainnya,Panel,$63.59M
Sumatera Selatan,UPHHK HTR,Kayu Perkebunan,Kayu Eboni,Moulding,Paper,$318.66M
Kepulauan,Hutan Produksi,Setengah Jadi,Hutan Tanaman Industri,Finger Joint Board,Pulp,$725.48M
Sulawesi Tengah,HKM HD HTR,Limbah,Rimba Campuran,Chipwood,Veneer,$2.35B
Sulawesi Utara,HKM HD Kemitraan,Kayu Tanaman,Kelompok Meranti,Pulp. Kayu Lapis dan LVL,Woodworking,$279.93M
Jawa Timur,IUPHHK HA,Kayu Alam,Jenis Khusus,Kayu Gergajian,Banguna Prefabrikasi,$93.02M
Sulawesi Tengah,IUPHHK HTI,Kayu Perkebunan,Kayu Indah,Veneer,Chipwood,n/a
DKI Jakarta,IUPHHK RE,Setengah Jadi,Jenis Kayu Lainnya,Blockboard,Furnitur Kayu,$660.95M
Sulawesi Selatan,UPHHK HTR,Limbah,Kayu Eboni,Bare Core,Kerajinan,$3.74B
Maluku Utara,Hutan Produksi,Kayu Tanaman,Hutan Tanaman Industri,Wood Pellet,Panel,$425.52M
DI Yogyakarta,HKM HD HTR,Kayu Alam,Rimba Campuran,Particle Board,Paper,$4.34B
Bali,HKM HD Kemitraan,Kayu Perkebunan,Kelompok Meranti,Kayu Olahan Lainnya,Pulp,$121.11M
Nusa,IUPHHK HA,Setengah Jadi,Jenis Khusus,Moulding,Veneer,$47.27B
Sumatera Selatan,IUPHHK HTI,Limbah,Kayu Indah,Finger Joint Board,Woodworking,n/a
Sumatera Barat,IUPHHK RE,Kayu Tanaman,Jenis Kayu Lainnya,Chipwood,Banguna Prefabrikasi,n/a
Jawa Barat,UPHHK HTR,Kayu Alam,Kayu Eboni,Pulp. Kayu Lapis dan LVL,Chipwood,$5.26B
Sulawesi Utara,Hutan Produksi,Kayu Perkebunan,Hutan Tanaman Industri,Kayu Gergajian,Furnitur Kayu,$233.13M
DKI Jakarta,HKM HD HTR,Setengah Jadi,Rimba Campuran,Veneer,Kerajinan,$434.22M
Bengkulu,HKM HD Kemitraan,Limbah,Kelompok Meranti,Blockboard,Panel,$1.2B
Kalimantan Barat,IUPHHK HA,Kayu Tanaman,Jenis Khusus,Bare Core,Paper,$215.85M
Kalimantan Selatan,IUPHHK HTI,Kayu Alam,Kayu Indah,Wood Pellet,Pulp,$443.54M
Gorontalo,IUPHHK RE,Kayu Perkebunan,Jenis Kayu Lainnya,Particle Board,Veneer,$3.01B
Jawa Tengah,UPHHK HTR,Setengah Jadi,Kayu Eboni,Kayu Olahan Lainnya,Woodworking,$2.31B
Kepulauan,Hutan Produksi,Limbah,Hutan Tanaman Industri,Moulding,Banguna Prefabrikasi,n/a
Riau,HKM HD HTR,Kayu Tanaman,Rimba Campuran,Finger Joint Board,Chipwood,$2.36B
Maluku Utara,HKM HD Kemitraan,Kayu Alam,Kelompok Meranti,Chipwood,Furnitur Kayu,$905.46M
Sulawesi Tengah,IUPHHK HA,Kayu Perkebunan,Jenis Khusus,Pulp. Kayu Lapis dan LVL,Kerajinan,$133.17M
Papua,IUPHHK HTI,Setengah Jadi,Kayu Indah,Kayu Gergajian,Panel,$20.79M
Sumatera Selatan,IUPHHK RE,Limbah,Jenis Kayu Lainnya,Veneer,Paper,$323.02M
Jambi,UPHHK HTR,Kayu Tanaman,Kayu Eboni,Blockboard,Pulp,$2.56B
Banten,Hutan Produksi,Kayu Alam,Hutan Tanaman Industri,Bare Core,Veneer,$91.02B
Riau,HKM HD HTR,Kayu Perkebunan,Rimba Campuran,Wood Pellet,Woodworking,$175.91B
Kalimantan Timur,HKM HD Kemitraan,Setengah Jadi,Kelompok Meranti,Particle Board,Banguna Prefabrikasi,$84.47M
Bengkulu,IUPHHK HA,Limbah,Jenis Khusus,Kayu Olahan Lainnya,Chipwood,$536.19M
Sulawesi Tengah,IUPHHK HTI,Kayu Tanaman,Kayu Indah,Moulding,Furnitur Kayu,n/a
Banten,IUPHHK RE,Kayu Alam,Jenis Kayu Lainnya,Finger Joint Board,Kerajinan,$1.37B
Riau,UPHHK HTR,Kayu Perkebunan,Kayu Eboni,Chipwood,Panel,$5.16M
Maluku Utara,Hutan Produksi,Setengah Jadi,Hutan Tanaman Industri,Pulp. Kayu Lapis dan LVL,Paper,$30.83B
Kalimantan Barat,HKM HD HTR,Limbah,Rimba Campuran,Kayu Gergajian,Pulp,$44.74M
DKI Jakarta,HKM HD Kemitraan,Kayu Tanaman,Kelompok Meranti,Veneer,Veneer,$741.61M
DKI Jakarta,IUPHHK HA,Kayu Alam,Jenis Khusus,Blockboard,Woodworking,$367.04M
Sulawesi Utara,IUPHHK HTI,Kayu Perkebunan,Kayu Indah,Bare Core,Banguna Prefabrikasi,$696.39M
Jambi,IUPHHK RE,Setengah Jadi,Jenis Kayu Lainnya,Wood Pellet,Chipwood,n/a
Gorontalo,UPHHK HTR,Limbah,Kayu Eboni,Particle Board,Furnitur Kayu,n/a
Lampung,Hutan Produksi,Kayu Tanaman,Hutan Tanaman Industri,Kayu Olahan Lainnya,Kerajinan,$158.42M
Sumatera Selatan,HKM HD HTR,Kayu Alam,Rimba Campuran,Moulding,Panel,$375.09M
Riau,HKM HD Kemitraan,Kayu Perkebunan,Kelompok Meranti,Finger Joint Board,Paper,$147.55M
Maluku,IUPHHK HA,Setengah Jadi,Jenis Khusus,Chipwood,Pulp,$15.23B
Banten,IUPHHK HTI,Limbah,Kayu Indah,Pulp. Kayu Lapis dan LVL,Veneer,$98.95M
DI Yogyakarta,IUPHHK RE,Kayu Tanaman,Jenis Kayu Lainnya,Kayu Gergajian,Woodworking,$276.36M
Papua Barat,UPHHK HTR,Kayu Alam,Kayu Eboni,Veneer,Banguna Prefabrikasi,$98.91M
Bengkulu,Hutan Produksi,Kayu Perkebunan,Hutan Tanaman Industri,Blockboard,Chipwood,$47.65M
Sumatera Selatan,HKM HD HTR,Setengah Jadi,Rimba Campuran,Bare Core,Furnitur Kayu,$3.62B
Nusa Tenggara Timur,HKM HD Kemitraan,Limbah,Kelompok Meranti,Wood Pellet,Kerajinan,$13.17B
Kepulauan,IUPHHK HA,Kayu Tanaman,Jenis Khusus,Particle Board,Panel,$645.41M
Jambi,IUPHHK HTI,Kayu Alam,Kayu Indah,Kayu Olahan Lainnya,Paper,n/a
Lampung,IUPHHK RE,Kayu Perkebunan,Jenis Kayu Lainnya,Moulding,Pulp,$509.01M
Sumatera Utara,UPHHK HTR,Setengah Jadi,Kayu Eboni,Finger Joint Board,Veneer,$13.07B
Riau,Hutan Produksi,Limbah,Hutan Tanaman Industri,Chipwood,Woodworking,$6.06B
Jambi,HKM HD HTR,Kayu Tanaman,Rimba Campuran,Pulp. Kayu Lapis dan LVL,Banguna Prefabrikasi,$1.84B
Nusa Tenggara Timur,HKM HD Kemitraan,Kayu Alam,Kelompok Meranti,Kayu Gergajian,Chipwood,$10.45B
Nusa,IUPHHK HA,Kayu Perkebunan,Jenis Khusus,Veneer,Furnitur Kayu,$8.33M
Sumatera Selatan,IUPHHK HTI,Setengah Jadi,Kayu Indah,Blockboard,Kerajinan,$268.64M
Tenggara Barat,IUPHHK RE,Limbah,Jenis Kayu Lainnya,Bare Core,Panel,$2.13B
Papua Barat,UPHHK HTR,Kayu Tanaman,Kayu Eboni,Wood Pellet,Paper,n/a
Papua,Hutan Produksi,Kayu Alam,Hutan Tanaman Industri,Particle Board,Pulp,$8.52B
Jawa Timur,HKM HD HTR,Kayu Perkebunan,Rimba Campuran,Kayu Olahan Lainnya,Veneer,$92.42M
Jawa Barat,HKM HD Kemitraan,Setengah Jadi,Kelompok Meranti,Moulding,Woodworking,$2.41B
Kalimantan Barat,IUPHHK HA,Limbah,Jenis Khusus,Finger Joint Board,Banguna Prefabrikasi,$242.27M
Sulawesi Tengah,IUPHHK HTI,Kayu Tanaman,Kayu Indah,Chipwood,Chipwood,$278.18M
Banten,IUPHHK RE,Kayu Alam,Jenis Kayu Lainnya,Pulp. Kayu Lapis dan LVL,Furnitur Kayu,$103.88M
Nusa,UPHHK HTR,Kayu Perkebunan,Kayu Eboni,Kayu Gergajian,Kerajinan,$340.82M
Nusa Tenggara Timur,Hutan Produksi,Setengah Jadi,Hutan Tanaman Industri,Veneer,Panel,$51.88B
Papua Barat,HKM HD HTR,Limbah,Rimba Campuran,Blockboard,Paper,n/a
Bali,HKM HD Kemitraan,Kayu Tanaman,Kelompok Meranti,Bare Core,Pulp,n/a
DI Yogyakarta,IUPHHK HA,Kayu Alam,Jenis Khusus,Wood Pellet,Veneer,$594.58M
Nusa,IUPHHK HTI,Kayu Perkebunan,Kayu Indah,Particle Board,Woodworking,$73.48M
Banten,IUPHHK RE,Setengah Jadi,Jenis Kayu Lainnya,Kayu Olahan Lainnya,Banguna Prefabrikasi,$4.48B
Jambi,UPHHK HTR,Limbah,Kayu Eboni,Moulding,Chipwood,n/a
Maluku Utara,Hutan Produksi,Kayu Tanaman,Hutan Tanaman Industri,Finger Joint Board,Furnitur Kayu,$18.8B
Nusa Tenggara Timur,HKM HD HTR,Kayu Alam,Rimba Campuran,Chipwood,Kerajinan,$741.61M
Kalimantan Timur,HKM HD Kemitraan,Kayu Perkebunan,Kelompok Meranti,Pulp. Kayu Lapis dan LVL,Panel,$1.75B
Kalimantan Utara,IUPHHK HA,Setengah Jadi,Jenis Khusus,Kayu Gergajian,Paper,n/a
Sulawesi Utara,IUPHHK HTI,Limbah,Kayu Indah,Veneer,Pulp,$5.5B
Sumatera Selatan,IUPHHK RE,Kayu Tanaman,Jenis Kayu Lainnya,Blockboard,Veneer,$618.69M
Kalimantan Utara,UPHHK HTR,Kayu Alam,Kayu Eboni,Bare Core,Woodworking,$389.01M
Riau,Hutan Produksi,Kayu Perkebunan,Hutan Tanaman Industri,Wood Pellet,Banguna Prefabrikasi,$1.89B
Bali,HKM HD HTR,Setengah Jadi,Rimba Campuran,Particle Board,Chipwood,$10.18B
Sulawesi Utara,HKM HD Kemitraan,Limbah,Kelompok Meranti,Kayu Olahan Lainnya,Furnitur Kayu,$6.79M
DKI Jakarta,IUPHHK HA,Kayu Tanaman,Jenis Khusus,Moulding,Kerajinan,$864.5M
Nusa,IUPHHK HTI,Kayu Alam,Kayu Indah,Finger Joint Board,Panel,$9.15B
Nusa,IUPHHK RE,Kayu Perkebunan,Jenis Kayu Lainnya,Chipwood,Paper,$1.25B
Sulawesi Utara,UPHHK HTR,Setengah Jadi,Kayu Eboni,Pulp. Kayu Lapis dan LVL,Pulp,$2.77B
Kepulauan,Hutan Produksi,Limbah,Hutan Tanaman Industri,Kayu Gergajian,Veneer,$8.66M
Maluku,HKM HD HTR,Kayu Tanaman,Rimba Campuran,Veneer,Woodworking,n/a
Jambi,HKM HD Kemitraan,Kayu Alam,Kelompok Meranti,Blockboard,Banguna Prefabrikasi,n/a
Jawa Timur,IUPHHK HA,Kayu Perkebunan,Jenis Khusus,Bare Core,Chipwood,$671.8M
Sulawesi Utara,IUPHHK HTI,Setengah Jadi,Kayu Indah,Wood Pellet,Furnitur Kayu,$282.31M
Nusa Tenggara Timur,IUPHHK RE,Limbah,Jenis Kayu Lainnya,Particle Board,Kerajinan,$33.57M
Kalimantan Selatan,UPHHK HTR,Kayu Tanaman,Kayu Eboni,Kayu Olahan Lainnya,Panel,$112.34M
Jawa Timur,Hutan Produksi,Kayu Alam,Hutan Tanaman Industri,Moulding,Paper,$6.6B
Nusa,HKM HD HTR,Kayu Perkebunan,Rimba Campuran,Finger Joint Board,Pulp,$899.86M
Bali,HKM HD Kemitraan,Setengah Jadi,Kelompok Meranti,Chipwood,Veneer,$1.17B
Jawa Timur,IUPHHK HA,Limbah,Jenis Khusus,Pulp. Kayu Lapis dan LVL,Woodworking,$620.68M
Jawa Tengah,IUPHHK HTI,Kayu Tanaman,Kayu Indah,Kayu Gergajian,Banguna Prefabrikasi,n/a
Maluku,IUPHHK RE,Kayu Alam,Jenis Kayu Lainnya,Veneer,Chipwood,$4.72B
Nusa Tenggara Timur,UPHHK HTR,Kayu Perkebunan,Kayu Eboni,Blockboard,Furnitur Kayu,$2.95B
Maluku Utara,Hutan Produksi,Setengah Jadi,Hutan Tanaman Industri,Bare Core,Kerajinan,$24.03B
Kalimantan Timur,HKM HD HTR,Limbah,Rimba Campuran,Wood Pellet,Panel,n/a
Maluku Utara,HKM HD Kemitraan,Kayu Tanaman,Kelompok Meranti,Particle Board,Paper,$1.19B
Kalimantan Utara,IUPHHK HA,Kayu Alam,Jenis Khusus,Kayu Olahan Lainnya,Pulp,n/a
Kalimantan Selatan,IUPHHK HTI,Kayu Perkebunan,Kayu Indah,Moulding,Veneer,$2.91M
Papua,IUPHHK RE,Setengah Jadi,Jenis Kayu Lainnya,Finger Joint Board,Woodworking,$126.29M
Jambi,UPHHK HTR,Limbah,Kayu Eboni,Chipwood,Banguna Prefabrikasi,n/a
Nusa,Hutan Produksi,Kayu Tanaman,Hutan Tanaman Industri,Pulp. Kayu Lapis dan LVL,Chipwood,$54.36M
Nusa Tenggara Timur,HKM HD HTR,Kayu Alam,Rimba Campuran,Kayu Gergajian,Furnitur Kayu,$277.12M
Lampung,HKM HD Kemitraan,Kayu Perkebunan,Kelompok Meranti,Veneer,Kerajinan,$181.04M
Jawa Barat,IUPHHK HA,Setengah Jadi,Jenis Khusus,Blockboard,Panel,$8.53B
Papua Barat,IUPHHK HTI,Limbah,Kayu Indah,Bare Core,Paper,n/a
Jawa Barat,IUPHHK RE,Kayu Tanaman,Jenis Kayu Lainnya,Wood Pellet,Pulp,$973.21M
Sumatera Barat,UPHHK HTR,Kayu Alam,Kayu Eboni,Particle Board,Veneer,$3.7B
Kalimantan Timur,Hutan Produksi,Kayu Perkebunan,Hutan Tanaman Industri,Kayu Olahan Lainnya,Woodworking,$200.99M
Sumatera Utara,HKM HD HTR,Setengah Jadi,Rimba Campuran,Moulding,Banguna Prefabrikasi,n/a
Bengkulu,HKM HD Kemitraan,Limbah,Kelompok Meranti,Finger Joint Board,Chipwood,$89.72B
Nusa Tenggara Timur,IUPHHK HA,Kayu Tanaman,Jenis Khusus,Chipwood,Furnitur Kayu,$22.85M
Jawa Barat,IUPHHK HTI,Kayu Alam,Kayu Indah,Pulp. Kayu Lapis dan LVL,Kerajinan,$541.62M
Maluku,IUPHHK RE,Kayu Perkebunan,Jenis Kayu Lainnya,Kayu Gergajian,Panel,$145.96M
Sumatera Utara,UPHHK HTR,Setengah Jadi,Kayu Eboni,Veneer,Paper,$2.89B
Papua Barat,Hutan Produksi,Limbah,Hutan Tanaman Industri,Blockboard,Pulp,$592.88M
Riau,HKM HD HTR,Kayu Tanaman,Rimba Campuran,Bare Core,Veneer,n/a
DI Yogyakarta,HKM HD Kemitraan,Kayu Alam,Kelompok Meranti,Wood Pellet,Woodworking,n/a
Nusa,IUPHHK HA,Kayu Perkebunan,Jenis Khusus,Particle Board,Banguna Prefabrikasi,$4.72B
Papua,IUPHHK HTI,Setengah Jadi,Kayu Indah,Kayu Olahan Lainnya,Chipwood,$130.34M
Sulawesi Utara,IUPHHK RE,Limbah,Jenis Kayu Lainnya,Moulding,Furnitur Kayu,$10.91M
Banten,UPHHK HTR,Kayu Tanaman,Kayu Eboni,Finger Joint Board,Kerajinan,$774.33M
Sulawesi Utara,Hutan Produksi,Kayu Alam,Hutan Tanaman Industri,Chipwood,Panel,$83.53M
Gorontalo,HKM HD HTR,Kayu Perkebunan,Rimba Campuran,Pulp. Kayu Lapis dan LVL,Paper,$171.9M
Gorontalo,HKM HD Kemitraan,Setengah Jadi,Kelompok Meranti,Kayu Gergajian,Pulp,$2.43B
Jambi,IUPHHK HA,Limbah,Jenis Khusus,Veneer,Veneer,$14.49B
Lampung,IUPHHK HTI,Kayu Tanaman,Kayu Indah,Blockboard,Woodworking,n/a
Maluku,IUPHHK RE,Kayu Alam,Jenis Kayu Lainnya,Bare Core,Banguna Prefabrikasi,$1B
Gorontalo,UPHHK HTR,Kayu Perkebunan,Kayu Eboni,Wood Pellet,Chipwood,n/a
Maluku Utara,Hutan Produksi,Setengah Jadi,Hutan Tanaman Industri,Particle Board,Furnitur Kayu,$1.52B
DI Yogyakarta,HKM HD HTR,Limbah,Rimba Campuran,Kayu Olahan Lainnya,Kerajinan,$310.35M
Kalimantan Selatan,HKM HD Kemitraan,Kayu Tanaman,Kelompok Meranti,Moulding,Panel,$2.87B
Kalimantan Utara,IUPHHK HA,Kayu Alam,Jenis Khusus,Finger Joint Board,Paper,$524.24M
Papua Barat,IUPHHK HTI,Kayu Perkebunan,Kayu Indah,Chipwood,Pulp,$164.43M
Banten,IUPHHK RE,Setengah Jadi,Jenis Kayu Lainnya,Pulp. Kayu Lapis dan LVL,Veneer,$277.68M
Sumatera Utara,UPHHK HTR,Limbah,Kayu Eboni,Kayu Gergajian,Woodworking,$173.77M
Bengkulu,Hutan Produksi,Kayu Tanaman,Hutan Tanaman Industri,Veneer,Banguna Prefabrikasi,$35.28M
Sumatera Barat,HKM HD HTR,Kayu Alam,Rimba Campuran,Blockboard,Chipwood,$337.67M
Sulawesi Tengah,HKM HD Kemitraan,Kayu Perkebunan,Kelompok Meranti,Bare Core,Furnitur Kayu,$2.22B
Sulawesi Utara,IUPHHK HA,Setengah Jadi,Jenis Khusus,Wood Pellet,Kerajinan,$9.54B
Kalimantan Timur,IUPHHK HTI,Limbah,Kayu Indah,Particle Board,Panel,$551.7M
Kalimantan Tengah,IUPHHK RE,Kayu Tanaman,Jenis Kayu Lainnya,Kayu Olahan Lainnya,Paper,$8.73B
Riau,UPHHK HTR,Kayu Alam,Kayu Eboni,Moulding,Pulp,$44.17M
Bali,Hutan Produksi,Kayu Perkebunan,Hutan Tanaman Industri,Finger Joint Board,Veneer,n/a
Sulawesi Utara,HKM HD HTR,Setengah Jadi,Rimba Campuran,Chipwood,Woodworking,$250.34M
Riau,HKM HD Kemitraan,Limbah,Kelompok Meranti,Pulp. Kayu Lapis dan LVL,Banguna Prefabrikasi,$607.83M
Jambi,IUPHHK HA,Kayu Tanaman,Jenis Khusus,Kayu Gergajian,Chipwood,$882.48M
Kalimantan Timur,IUPHHK HTI,Kayu Alam,Kayu Indah,Veneer,Furnitur Kayu,$1.23B
Sulawesi Utara,IUPHHK RE,Kayu Perkebunan,Jenis Kayu Lainnya,Blockboard,Kerajinan,$805.82M
Nusa,UPHHK HTR,Setengah Jadi,Kayu Eboni,Bare Core,Panel,$1.18B
Riau,Hutan Produksi,Limbah,Hutan Tanaman Industri,Wood Pellet,Paper,$804.76M
Sulawesi Selatan,HKM HD HTR,Kayu Tanaman,Rimba Campuran,Particle Board,Pulp,$441.26M
Nusa Tenggara Timur,HKM HD Kemitraan,Kayu Alam,Kelompok Meranti,Kayu Olahan Lainnya,Veneer,$998.43M
Riau,IUPHHK HA,Kayu Perkebunan,Jenis Khusus,Moulding,Woodworking,$212.14M
Sumatera Selatan,IUPHHK HTI,Setengah Jadi,Kayu Indah,Finger Joint Board,Banguna Prefabrikasi,$323.56M
Sumatera Barat,IUPHHK RE,Limbah,Jenis Kayu Lainnya,Chipwood,Chipwood,$2.15B
DI Yogyakarta,UPHHK HTR,Kayu Tanaman,Kayu Eboni,Pulp. Kayu Lapis dan LVL,Furnitur Kayu,$702.5M
Riau,Hutan Produksi,Kayu Alam,Hutan Tanaman Industri,Kayu Gergajian,Kerajinan,n/a
Riau,HKM HD HTR,Kayu Perkebunan,Rimba Campuran,Veneer,Panel,$23.64B
Sumatera Utara,HKM HD Kemitraan,Setengah Jadi,Kelompok Meranti,Blockboard,Paper,$10.13B
Jambi,IUPHHK HA,Limbah,Jenis Khusus,Bare Core,Pulp,n/a
Sulawesi Tengah,IUPHHK HTI,Kayu Tanaman,Kayu Indah,Wood Pellet,Veneer,$5.56B
Maluku Utara,IUPHHK RE,Kayu Alam,Jenis Kayu Lainnya,Particle Board,Woodworking,$795.07M
Jambi,UPHHK HTR,Kayu Perkebunan,Kayu Eboni,Kayu Olahan Lainnya,Banguna Prefabrikasi,$1.44B
Banten,Hutan Produksi,Setengah Jadi,Hutan Tanaman Industri,Moulding,Chipwood,$136.01M
Riau,HKM HD HTR,Limbah,Rimba Campuran,Finger Joint Board,Furnitur Kayu,n/a
Kalimantan Timur,HKM HD Kemitraan,Kayu Tanaman,Kelompok Meranti,Chipwood,Kerajinan,$367.06M
Riau,IUPHHK HA,Kayu Alam,Jenis Khusus,Pulp. Kayu Lapis dan LVL,Panel,$1.25B
Sulawesi Tengah,IUPHHK HTI,Kayu Perkebunan,Kayu Indah,Kayu Gergajian,Paper,n/a
Nusa Tenggara Timur,IUPHHK RE,Setengah Jadi,Jenis Kayu Lainnya,Veneer,Pulp,n/a
Sulawesi Selatan,UPHHK HTR,Limbah,Kayu Eboni,Blockboard,Veneer,$130.02M
Kalimantan Barat,Hutan Produksi,Kayu Tanaman,Hutan Tanaman Industri,Bare Core,Woodworking,n/a
Sulawesi Selatan,HKM HD HTR,Kayu Alam,Rimba Campuran,Wood Pellet,Banguna Prefabrikasi,n/a
Jambi,HKM HD Kemitraan,Kayu Perkebunan,Kelompok Meranti,Particle Board,Chipwood,$850.59M
Bengkulu,IUPHHK HA,Setengah Jadi,Jenis Khusus,Kayu Olahan Lainnya,Furnitur Kayu,$1.63B
Sumatera Selatan,IUPHHK HTI,Limbah,Kayu Indah,Moulding,Kerajinan,$3.92B
Riau,IUPHHK RE,Kayu Tanaman,Jenis Kayu Lainnya,Finger Joint Board,Panel,$326.9M
Papua Barat,UPHHK HTR,Kayu Alam,Kayu Eboni,Chipwood,Paper,$1.15B
Jawa Timur,Hutan Produksi,Kayu Perkebunan,Hutan Tanaman Industri,Pulp. Kayu Lapis dan LVL,Pulp,$355.28M
Nusa Tenggara Timur,HKM HD HTR,Setengah Jadi,Rimba Campuran,Kayu Gergajian,Veneer,$663.3M
Sumatera Barat,HKM HD Kemitraan,Limbah,Kelompok Meranti,Veneer,Woodworking,$2.57B
Bengkulu,IUPHHK HA,Kayu Tanaman,Jenis Khusus,Blockboard,Banguna Prefabrikasi,n/a
Bali,IUPHHK HTI,Kayu Alam,Kayu Indah,Bare Core,Chipwood,$1.04B
Jawa Tengah,IUPHHK RE,Kayu Perkebunan,Jenis Kayu Lainnya,Wood Pellet,Furnitur Kayu,$3.66B
Sumatera Selatan,UPHHK HTR,Setengah Jadi,Kayu Eboni,Particle Board,Kerajinan,$500.28M
Maluku,Hutan Produksi,Limbah,Hutan Tanaman Industri,Kayu Olahan Lainnya,Panel,$357.95M
Jawa Tengah,HKM HD HTR,Kayu Tanaman,Rimba Campuran,Moulding,Paper,$3.32B
Sulawesi Utara,HKM HD Kemitraan,Kayu Alam,Kelompok Meranti,Finger Joint Board,Pulp,$26.86M
Banten,IUPHHK HA,Kayu Perkebunan,Jenis Khusus,Chipwood,Veneer,$23.64B
Lampung,IUPHHK HTI,Setengah Jadi,Kayu Indah,Pulp. Kayu Lapis dan LVL,Woodworking,$1.37B
DI Yogyakarta,IUPHHK RE,Limbah,Jenis Kayu Lainnya,Kayu Gergajian,Banguna Prefabrikasi,$234.26M
Maluku Utara,UPHHK HTR,Kayu Tanaman,Kayu Eboni,Veneer,Chipwood,$488.7M
Maluku,Hutan Produksi,Kayu Alam,Hutan Tanaman Industri,Blockboard,Furnitur Kayu,$7.87M
Papua,HKM HD HTR,Kayu Perkebunan,Rimba Campuran,Bare Core,Kerajinan,$165.72M
Sumatera Utara,HKM HD Kemitraan,Setengah Jadi,Kelompok Meranti,Wood Pellet,Panel,$637.42M
Kalimantan Timur,IUPHHK HA,Limbah,Jenis Khusus,Particle Board,Paper,$185.56M
Maluku Utara,IUPHHK HTI,Kayu Tanaman,Kayu Indah,Kayu Olahan Lainnya,Pulp,$295.19M
Maluku,IUPHHK RE,Kayu Alam,Jenis Kayu Lainnya,Moulding,Veneer,$568.21M
DKI Jakarta,UPHHK HTR,Kayu Perkebunan,Kayu Eboni,Finger Joint Board,Woodworking,$93.71M
Jawa Tengah,Hutan Produksi,Setengah Jadi,Hutan Tanaman Industri,Chipwood,Banguna Prefabrikasi,n/a
Papua,HKM HD HTR,Limbah,Rimba Campuran,Pulp. Kayu Lapis dan LVL,Chipwood,$508.24M
Kalimantan Timur,HKM HD Kemitraan,Kayu Tanaman,Kelompok Meranti,Kayu Gergajian,Furnitur Kayu,$662.05M
Papua Barat,IUPHHK HA,Kayu Alam,Jenis Khusus,Veneer,Kerajinan,$2.76B
Sumatera Selatan,IUPHHK HTI,Kayu Perkebunan,Kayu Indah,Blockboard,Panel,$485.31M
Lampung,IUPHHK RE,Setengah Jadi,Jenis Kayu Lainnya,Bare Core,Paper,n/a
Sumatera Barat,UPHHK HTR,Limbah,Kayu Eboni,Wood Pellet,Pulp,n/a
Sumatera Selatan,Hutan Produksi,Kayu Tanaman,Hutan Tanaman Industri,Particle Board,Veneer,$429.86M
Kalimantan Tengah,HKM HD HTR,Kayu Alam,Rimba Campuran,Kayu Olahan Lainnya,Woodworking,$395.82M
Bengkulu,HKM HD Kemitraan,Kayu Perkebunan,Kelompok Meranti,Moulding,Banguna Prefabrikasi,$575.5M
Tenggara Barat,IUPHHK HA,Setengah Jadi,Jenis Khusus,Finger Joint Board,Chipwood,$8M
Jawa Barat,IUPHHK HTI,Limbah,Kayu Indah,Chipwood,Furnitur Kayu,n/a
Nusa Tenggara Timur,IUPHHK RE,Kayu Tanaman,Jenis Kayu Lainnya,Pulp. Kayu Lapis dan LVL,Kerajinan,$264.23M
Jambi,UPHHK HTR,Kayu Alam,Kayu Eboni,Kayu Gergajian,Panel,$108.91M
Jawa Timur,Hutan Produksi,Kayu Perkebunan,Hutan Tanaman Industri,Veneer,Paper,$506.02M
Jambi,HKM HD HTR,Setengah Jadi,Rimba Campuran,Blockboard,Pulp,n/a
Bengkulu,HKM HD Kemitraan,Limbah,Kelompok Meranti,Bare Core,Veneer,$2.92B
Bali,IUPHHK HA,Kayu Tanaman,Jenis Khusus,Wood Pellet,Woodworking,$24.88B
Maluku Utara,IUPHHK HTI,Kayu Alam,Kayu Indah,Particle Board,Banguna Prefabrikasi,n/a
Maluku,IUPHHK RE,Kayu Perkebunan,Jenis Kayu Lainnya,Kayu Olahan Lainnya,Chipwood,$93.37M
Jambi,UPHHK HTR,Setengah Jadi,Kayu Eboni,Moulding,Furnitur Kayu,$180.82M
Papua Barat,Hutan Produksi,Limbah,Hutan Tanaman Industri,Finger Joint Board,Kerajinan,$104.11M
Jawa Barat,HKM HD HTR,Kayu Tanaman,Rimba Campuran,Chipwood,Panel,$1.68B
Sulawesi Tengah,HKM HD Kemitraan,Kayu Alam,Kelompok Meranti,Pulp. Kayu Lapis dan LVL,Paper,$153.72M
Nusa,IUPHHK HA,Kayu Perkebunan,Jenis Khusus,Kayu Gergajian,Pulp,$2.9B
Papua,IUPHHK HTI,Setengah Jadi,Kayu Indah,Veneer,Veneer,$1.65B
Kalimantan Timur,IUPHHK RE,Limbah,Jenis Kayu Lainnya,Blockboard,Woodworking,n/a
Kalimantan Selatan,UPHHK HTR,Kayu Tanaman,Kayu Eboni,Bare Core,Banguna Prefabrikasi,n/a
Jambi,Hutan Produksi,Kayu Alam,Hutan Tanaman Industri,Wood Pellet,Chipwood,$7.84B
Sumatera Barat,HKM HD HTR,Kayu Perkebunan,Rimba Campuran,Particle Board,Furnitur Kayu,$23.23B
Nusa Tenggara Timur,HKM HD Kemitraan,Setengah Jadi,Kelompok Meranti,Kayu Olahan Lainnya,Kerajinan,$5.24B
Tenggara Barat,IUPHHK HA,Limbah,Jenis Khusus,Moulding,Panel,n/a
Sumatera Utara,IUPHHK HTI,Kayu Tanaman,Kayu Indah,Finger Joint Board,Paper,$493.06M
Sumatera Selatan,IUPHHK RE,Kayu Alam,Jenis Kayu Lainnya,Chipwood,Pulp,$210.14M
DKI Jakarta,UPHHK HTR,Kayu Perkebunan,Kayu Eboni,Pulp. Kayu Lapis dan LVL,Veneer,$83.95B
Papua,Hutan Produksi,Setengah Jadi,Hutan Tanaman Industri,Kayu Gergajian,Woodworking,$75.46M
Sumatera Barat,HKM HD HTR,Limbah,Rimba Campuran,Veneer,Banguna Prefabrikasi,$249.94M
Papua,HKM HD Kemitraan,Kayu Tanaman,Kelompok Meranti,Blockboard,Chipwood,$474.73M
Papua,IUPHHK HA,Kayu Alam,Jenis Khusus,Bare Core,Furnitur Kayu,$41.02M
Kalimantan Timur,IUPHHK HTI,Kayu Perkebunan,Kayu Indah,Wood Pellet,Kerajinan,n/a
Gorontalo,IUPHHK RE,Setengah Jadi,Jenis Kayu Lainnya,Particle Board,Panel,$1.41B
Jambi,UPHHK HTR,Limbah,Kayu Eboni,Kayu Olahan Lainnya,Paper,$7.2B
Kalimantan Barat,Hutan Produksi,Kayu Tanaman,Hutan Tanaman Industri,Moulding,Pulp,$3.02B
Nusa,HKM HD HTR,Kayu Alam,Rimba Campuran,Finger Joint Board,Veneer,$2.89B
Banten,HKM HD Kemitraan,Kayu Perkebunan,Kelompok Meranti,Chipwood,Woodworking,$19.65M
Jawa Timur,IUPHHK HA,Setengah Jadi,Jenis Khusus,Pulp. Kayu Lapis dan LVL,Banguna Prefabrikasi,$2.77B
Nusa Tenggara Timur,IUPHHK HTI,Limbah,Kayu Indah,Kayu Gergajian,Chipwood,$2.68B
Lampung,IUPHHK RE,Kayu Tanaman,Jenis Kayu Lainnya,Veneer,Furnitur Kayu,$421.64M
Maluku,UPHHK HTR,Kayu Alam,Kayu Eboni,Blockboard,Kerajinan,$42.37M
Bengkulu,Hutan Produksi,Kayu Perkebunan,Hutan Tanaman Industri,Bare Core,Panel,$12.16M
Kalimantan Selatan,HKM HD HTR,Setengah Jadi,Rimba Campuran,Wood Pellet,Paper,$73.14M
Maluku Utara,HKM HD Kemitraan,Limbah,Kelompok Meranti,Particle Board,Pulp,$2.24B
Tenggara Barat,IUPHHK HA,Kayu Tanaman,Jenis Khusus,Kayu Olahan Lainnya,Veneer,n/a
Jambi,IUPHHK HTI,Kayu Alam,Kayu Indah,Moulding,Woodworking,$437.26M
Kalimantan Tengah,IUPHHK RE,Kayu Perkebunan,Jenis Kayu Lainnya,Finger Joint Board,Banguna Prefabrikasi,$112.2M
Sumatera Barat,UPHHK HTR,Setengah Jadi,Kayu Eboni,Chipwood,Chipwood,$299.37M
Sulawesi Selatan,Hutan Produksi,Limbah,Hutan Tanaman Industri,Pulp. Kayu Lapis dan LVL,Furnitur Kayu,$2.86B
DI Yogyakarta,HKM HD HTR,Kayu Tanaman,Rimba Campuran,Kayu Gergajian,Kerajinan,$277.12M
Sumatera Selatan,HKM HD Kemitraan,Kayu Alam,Kelompok Meranti,Veneer,Panel,$328.51M
Nusa Tenggara Timur,IUPHHK HA,Kayu Perkebunan,Jenis Khusus,Blockboard,Paper,$409.22M
Nusa,IUPHHK HTI,Setengah Jadi,Kayu Indah,Bare Core,Pulp,$264.23M
Kalimantan Selatan,IUPHHK RE,Limbah,Jenis Kayu Lainnya,Wood Pellet,Veneer,n/a
Maluku Utara,UPHHK HTR,Kayu Tanaman,Kayu Eboni,Particle Board,Woodworking,$238.68M
Riau,Hutan Produksi,Kayu Alam,Hutan Tanaman Industri,Kayu Olahan Lainnya,Banguna Prefabrikasi,$3.51B
Kepulauan,HKM HD HTR,Kayu Perkebunan,Rimba Campuran,Moulding,Chipwood,$599.24M
Jawa Timur,HKM HD Kemitraan,Setengah Jadi,Kelompok Meranti,Finger Joint Board,Furnitur Kayu,$2.32M
Gorontalo,IUPHHK HA,Limbah,Jenis Khusus,Chipwood,Kerajinan,$44.74M
Kalimantan Barat,IUPHHK HTI,Kayu Tanaman,Kayu Indah,Pulp. Kayu Lapis dan LVL,Panel,$3.48B
Sumatera Barat,IUPHHK RE,Kayu Alam,Jenis Kayu Lainnya,Kayu Gergajian,Paper,$20.87M
Maluku,UPHHK HTR,Kayu Perkebunan,Kayu Eboni,Veneer,Pulp,$1.28B
Riau,Hutan Produksi,Setengah Jadi,Hutan Tanaman Industri,Blockboard,Veneer,$405.53M
Riau,HKM HD HTR,Limbah,Rimba Campuran,Bare Core,Woodworking,$95.47M
Maluku,HKM HD Kemitraan,Kayu Tanaman,Kelompok Meranti,Wood Pellet,Banguna Prefabrikasi,$2.61M
Gorontalo,IUPHHK HA,Kayu Alam,Jenis Khusus,Particle Board,Chipwood,$1.85B
Gorontalo,IUPHHK HTI,Kayu Perkebunan,Kayu Indah,Kayu Olahan Lainnya,Furnitur Kayu,$10.51B
Bengkulu,IUPHHK RE,Setengah Jadi,Jenis Kayu Lainnya,Moulding,Kerajinan,$675.15M
Papua Barat,UPHHK HTR,Limbah,Kayu Eboni,Finger Joint Board,Panel,n/a
Papua Barat,Hutan Produksi,Kayu Tanaman,Hutan Tanaman Industri,Chipwood,Paper,$527.44M
Riau,HKM HD HTR,Kayu Alam,Rimba Campuran,Pulp. Kayu Lapis dan LVL,Pulp,$163.69M
Kalimantan Barat,HKM HD Kemitraan,Kayu Perkebunan,Kelompok Meranti,Kayu Gergajian,Veneer,n/a
Maluku,IUPHHK HA,Setengah Jadi,Jenis Khusus,Veneer,Woodworking,$27.06B
Nusa,IUPHHK HTI,Limbah,Kayu Indah,Blockboard,Banguna Prefabrikasi,$562.75M
Kalimantan Utara,IUPHHK RE,Kayu Tanaman,Jenis Kayu Lainnya,Bare Core,Chipwood,$3.1B
Kalimantan Timur,UPHHK HTR,Kayu Alam,Kayu Eboni,Wood Pellet,Furnitur Kayu,$2.82B
Jawa Barat,Hutan Produksi,Kayu Perkebunan,Hutan Tanaman Industri,Particle Board,Kerajinan,$78.45M
Kalimantan Selatan,HKM HD HTR,Setengah Jadi,Rimba Campuran,Kayu Olahan Lainnya,Panel,$515.96M
Jawa Barat,HKM HD Kemitraan,Limbah,Kelompok Meranti,Moulding,Paper,$42.87B
Bali,IUPHHK HA,Kayu Tanaman,Jenis Khusus,Finger Joint Board,Pulp,$871.78M
Riau,IUPHHK HTI,Kayu Alam,Kayu Indah,Chipwood,Veneer,$607.83M
Maluku,IUPHHK RE,Kayu Perkebunan,Jenis Kayu Lainnya,Pulp. Kayu Lapis dan LVL,Woodworking,$324.86M
Sulawesi Selatan,UPHHK HTR,Setengah Jadi,Kayu Eboni,Kayu Gergajian,Banguna Prefabrikasi,$2.36B
Kepulauan,Hutan Produksi,Limbah,Hutan Tanaman Industri,Veneer,Chipwood,$31.41B
Sumatera Utara,HKM HD HTR,Kayu Tanaman,Rimba Campuran,Blockboard,Furnitur Kayu,$110.06M
Sulawesi Utara,HKM HD Kemitraan,Kayu Alam,Kelompok Meranti,Bare Core,Kerajinan,$12.86B
DI Yogyakarta,IUPHHK HA,Kayu Perkebunan,Jenis Khusus,Wood Pellet,Panel,$772.35M
Jawa Timur,IUPHHK HTI,Setengah Jadi,Kayu Indah,Particle Board,Paper,n/a
Bengkulu,IUPHHK RE,Limbah,Jenis Kayu Lainnya,Kayu Olahan Lainnya,Pulp,$52.14M
Sumatera Barat,UPHHK HTR,Kayu Tanaman,Kayu Eboni,Moulding,Veneer,$1.76B
DKI Jakarta,Hutan Produksi,Kayu Alam,Hutan Tanaman Industri,Finger Joint Board,Woodworking,$1.04B
Sumatera Selatan,HKM HD HTR,Kayu Perkebunan,Rimba Campuran,Chipwood,Banguna Prefabrikasi,$276.46M
Kalimantan Barat,HKM HD Kemitraan,Setengah Jadi,Kelompok Meranti,Pulp. Kayu Lapis dan LVL,Chipwood,$1.99B
Kalimantan Selatan,IUPHHK HA,Limbah,Jenis Khusus,Kayu Gergajian,Furnitur Kayu,$1.64B
Kepulauan,IUPHHK HTI,Kayu Tanaman,Kayu Indah,Veneer,Kerajinan,n/a
Kepulauan,IUPHHK RE,Kayu Alam,Jenis Kayu Lainnya,Blockboard,Panel,$771.24M
Kepulauan,UPHHK HTR,Kayu Perkebunan,Kayu Eboni,Bare Core,Paper,$3.17B
Sulawesi Utara,Hutan Produksi,Setengah Jadi,Hutan Tanaman Industri,Wood Pellet,Pulp,$3.74B
Jawa Tengah,HKM HD HTR,Limbah,Rimba Campuran,Particle Board,Veneer,$189.23M
Nusa Tenggara Timur,HKM HD Kemitraan,Kayu Tanaman,Kelompok Meranti,Kayu Olahan Lainnya,Woodworking,$1.35B
Sumatera Barat,IUPHHK HA,Kayu Alam,Jenis Khusus,Moulding,Banguna Prefabrikasi,$62M
Nusa,IUPHHK HTI,Kayu Perkebunan,Kayu Indah,Finger Joint Board,Chipwood,$191.36M
DKI Jakarta,IUPHHK RE,Setengah Jadi,Jenis Kayu Lainnya,Chipwood,Furnitur Kayu,$10.53B
DKI Jakarta,UPHHK HTR,Limbah,Kayu Eboni,Pulp. Kayu Lapis dan LVL,Kerajinan,$1.45B
Jawa Timur,Hutan Produksi,Kayu Tanaman,Hutan Tanaman Industri,Kayu Gergajian,Panel,$304.71M
Kalimantan Selatan,HKM HD HTR,Kayu Alam,Rimba Campuran,Veneer,Paper,$92.42M
Nusa,HKM HD Kemitraan,Kayu Perkebunan,Kelompok Meranti,Blockboard,Pulp,$3.17B
Sulawesi Tengah,IUPHHK HA,Setengah Jadi,Jenis Khusus,Bare Core,Veneer,$1.25B
Banten,IUPHHK HTI,Limbah,Kayu Indah,Wood Pellet,Woodworking,$63.59M
Kalimantan Utara,IUPHHK RE,Kayu Tanaman,Jenis Kayu Lainnya,Particle Board,Banguna Prefabrikasi,$271.7M
Nusa Tenggara Timur,UPHHK HTR,Kayu Alam,Kayu Eboni,Kayu Olahan Lainnya,Chipwood,$96.77M
DI Yogyakarta,Hutan Produksi,Kayu Perkebunan,Hutan Tanaman Industri,Moulding,Furnitur Kayu,$27.63M
Kalimantan Timur,HKM HD HTR,Setengah Jadi,Rimba Campuran,Finger Joint Board,Kerajinan,$1.09B
Gorontalo,HKM HD Kemitraan,Limbah,Kelompok Meranti,Chipwood,Panel,$57.51M
Bali,IUPHHK HA,Kayu Tanaman,Jenis Khusus,Pulp. Kayu Lapis dan LVL,Paper,$885.83M
Jawa Timur,IUPHHK HTI,Kayu Alam,Kayu Indah,Kayu Gergajian,Pulp,$260.58M
Jambi,IUPHHK RE,Kayu Perkebunan,Jenis Kayu Lainnya,Veneer,Veneer,n/a
Tenggara Barat,UPHHK HTR,Setengah Jadi,Kayu Eboni,Blockboard,Woodworking,$345.67M
Sumatera Utara,Hutan Produksi,Limbah,Hutan Tanaman Industri,Bare Core,Banguna Prefabrikasi,n/a
Kalimantan Utara,HKM HD HTR,Kayu Tanaman,Rimba Campuran,Wood Pellet,Chipwood,n/a
Sumatera Utara,HKM HD Kemitraan,Kayu Alam,Kelompok Meranti,Particle Board,Furnitur Kayu,$2.51B
Papua Barat,IUPHHK HA,Kayu Perkebunan,Jenis Khusus,Kayu Olahan Lainnya,Kerajinan,$124.4M
Jambi,IUPHHK HTI,Setengah Jadi,Kayu Indah,Moulding,Panel,$938.83M
Sumatera Barat,IUPHHK RE,Limbah,Jenis Kayu Lainnya,Finger Joint Board,Paper,$439.45M
Sulawesi Selatan,UPHHK HTR,Kayu Tanaman,Kayu Eboni,Chipwood,Pulp,$53.04M
Riau,Hutan Produksi,Kayu Alam,Hutan Tanaman Industri,Pulp. Kayu Lapis dan LVL,Veneer,$112.34M
Kalimantan Utara,HKM HD HTR,Kayu Perkebunan,Rimba Campuran,Kayu Gergajian,Woodworking,n/a
DI Yogyakarta,HKM HD Kemitraan,Setengah Jadi,Kelompok Meranti,Veneer,Banguna Prefabrikasi,$887.55M
Nusa Tenggara Timur,IUPHHK HA,Limbah,Jenis Khusus,Blockboard,Chipwood,$437.06M
Kalimantan Timur,IUPHHK HTI,Kayu Tanaman,Kayu Indah,Bare Core,Furnitur Kayu,$15.62B
Sulawesi Utara,IUPHHK RE,Kayu Alam,Jenis Kayu Lainnya,Wood Pellet,Kerajinan,$248.85M
Sumatera Barat,UPHHK HTR,Kayu Perkebunan,Kayu Eboni,Particle Board,Panel,n/a
Sumatera Selatan,Hutan Produksi,Setengah Jadi,Hutan Tanaman Industri,Kayu Olahan Lainnya,Paper,$385M
DI Yogyakarta,HKM HD HTR,Limbah,Rimba Campuran,Moulding,Pulp,$9.9M
Lampung,HKM HD Kemitraan,Kayu Tanaman,Kelompok Meranti,Finger Joint Board,Veneer,$643.63M
Tenggara Barat,IUPHHK HA,Kayu Alam,Jenis Khusus,Chipwood,Woodworking,n/a
Sumatera Selatan,IUPHHK HTI,Kayu Perkebunan,Kayu Indah,Pulp. Kayu Lapis dan LVL,Banguna Prefabrikasi,$14.65M
Kalimantan Utara,IUPHHK RE,Setengah Jadi,Jenis Kayu Lainnya,Kayu Gergajian,Chipwood,$3.17B
Sumatera Barat,UPHHK HTR,Limbah,Kayu Eboni,Veneer,Furnitur Kayu,$22.85B
Sulawesi Selatan,Hutan Produksi,Kayu Tanaman,Hutan Tanaman Industri,Blockboard,Kerajinan,$17.75B
Jawa Barat,HKM HD HTR,Kayu Alam,Rimba Campuran,Bare Core,Panel,$63.35M
Jambi,HKM HD Kemitraan,Kayu Perkebunan,Kelompok Meranti,Wood Pellet,Paper,$65.53M
Papua Barat,IUPHHK HA,Setengah Jadi,Jenis Khusus,Particle Board,Pulp,$1.3B
Maluku Utara,IUPHHK HTI,Limbah,Kayu Indah,Kayu Olahan Lainnya,Veneer,$53.04M
Maluku Utara,IUPHHK RE,Kayu Tanaman,Jenis Kayu Lainnya,Moulding,Woodworking,$99.51M
Lampung,UPHHK HTR,Kayu Alam,Kayu Eboni,Finger Joint Board,Banguna Prefabrikasi,$4.86B
Jawa Timur,Hutan Produksi,Kayu Perkebunan,Hutan Tanaman Industri,Chipwood,Chipwood,$336.38M
Jawa Timur,HKM HD HTR,Setengah Jadi,Rimba Campuran,Pulp. Kayu Lapis dan LVL,Furnitur Kayu,$47.92M
Nusa Tenggara Timur,HKM HD Kemitraan,Limbah,Kelompok Meranti,Kayu Gergajian,Kerajinan,$195.08M
Bengkulu,IUPHHK HA,Kayu Tanaman,Jenis Khusus,Veneer,Panel,$21.14B
Kalimantan Timur,IUPHHK HTI,Kayu Alam,Kayu Indah,Blockboard,Paper,$30.67B
Nusa,IUPHHK RE,Kayu Perkebunan,Jenis Kayu Lainnya,Bare Core,Pulp,$559.9M
Sulawesi Tengah,UPHHK HTR,Setengah Jadi,Kayu Eboni,Wood Pellet,Veneer,$8.55B
Nusa Tenggara Timur,Hutan Produksi,Limbah,Hutan Tanaman Industri,Particle Board,Woodworking,$688.77M
Papua,HKM HD HTR,Kayu Tanaman,Rimba Campuran,Kayu Olahan Lainnya,Banguna Prefabrikasi,$31.03M
Kalimantan Selatan,HKM HD Kemitraan,Kayu Alam,Kelompok Meranti,Moulding,Chipwood,$3.18B
Sumatera Utara,IUPHHK HA,Kayu Perkebunan,Jenis Khusus,Finger Joint Board,Furnitur Kayu,$170.17M
Riau,IUPHHK HTI,Setengah Jadi,Kayu Indah,Chipwood,Kerajinan,$4.01B
Maluku,IUPHHK RE,Limbah,Jenis Kayu Lainnya,Pulp. Kayu Lapis dan LVL,Panel,$80.86M
Nusa,UPHHK HTR,Kayu Tanaman,Kayu Eboni,Kayu Gergajian,Paper,$4.6B
Papua Barat,Hutan Produksi,Kayu Alam,Hutan Tanaman Industri,Veneer,Pulp,$1.24B
Papua Barat,HKM HD HTR,Kayu Perkebunan,Rimba Campuran,Blockboard,Veneer,$514.79M
Jambi,HKM HD Kemitraan,Setengah Jadi,Kelompok Meranti,Bare Core,Woodworking,$1.73B
Maluku Utara,IUPHHK HA,Limbah,Jenis Khusus,Wood Pellet,Banguna Prefabrikasi,$2.2B
Papua Barat,IUPHHK HTI,Kayu Tanaman,Kayu Indah,Particle Board,Chipwood,$63.24M
Jawa Tengah,IUPHHK RE,Kayu Alam,Jenis Kayu Lainnya,Kayu Olahan Lainnya,Furnitur Kayu,$1.15B
Nusa,UPHHK HTR,Kayu Perkebunan,Kayu Eboni,Moulding,Kerajinan,$4.45B
Sulawesi Tengah,Hutan Produksi,Setengah Jadi,Hutan Tanaman Industri,Finger Joint Board,Panel,$1.09B
Bengkulu,HKM HD HTR,Limbah,Rimba Campuran,Chipwood,Paper,n/a
Bengkulu,HKM HD Kemitraan,Kayu Tanaman,Kelompok Meranti,Pulp. Kayu Lapis dan LVL,Pulp,$794.98M
Sulawesi Utara,IUPHHK HA,Kayu Alam,Jenis Khusus,Kayu Gergajian,Veneer,$3.65B
Papua Barat,IUPHHK HTI,Kayu Perkebunan,Kayu Indah,Veneer,Woodworking,n/a
Maluku Utara,IUPHHK RE,Setengah Jadi,Jenis Kayu Lainnya,Blockboard,Banguna Prefabrikasi,$626.98M
DI Yogyakarta,UPHHK HTR,Limbah,Kayu Eboni,Bare Core,Chipwood,$3.4B
DKI Jakarta,Hutan Produksi,Kayu Tanaman,Hutan Tanaman Industri,Wood Pellet,Furnitur Kayu,$588.24M
Kalimantan Tengah,HKM HD HTR,Kayu Alam,Rimba Campuran,Particle Board,Kerajinan,$556.53M
Papua,HKM HD Kemitraan,Kayu Perkebunan,Kelompok Meranti,Kayu Olahan Lainnya,Panel,$63.6M
Sulawesi Tengah,IUPHHK HA,Setengah Jadi,Jenis Khusus,Moulding,Paper,$10.83M
Sumatera Barat,IUPHHK HTI,Limbah,Kayu Indah,Finger Joint Board,Pulp,$446.72M
Kalimantan Timur,IUPHHK RE,Kayu Tanaman,Jenis Kayu Lainnya,Chipwood,Veneer,$273.46M
Maluku Utara,UPHHK HTR,Kayu Alam,Kayu Eboni,Pulp. Kayu Lapis dan LVL,Woodworking,$686.2M
Papua,Hutan Produksi,Kayu Perkebunan,Hutan Tanaman Industri,Kayu Gergajian,Banguna Prefabrikasi,$9.37B
Sumatera Utara,HKM HD HTR,Setengah Jadi,Rimba Campuran,Veneer,Chipwood,$112.2M
Maluku Utara,HKM HD Kemitraan,Limbah,Kelompok Meranti,Blockboard,Furnitur Kayu,$19.42M
Jawa Tengah,IUPHHK HA,Kayu Tanaman,Jenis Khusus,Bare Core,Kerajinan,$40.61B
Maluku,IUPHHK HTI,Kayu Alam,Kayu Indah,Wood Pellet,Panel,$86.11M
Jawa Tengah,IUPHHK RE,Kayu Perkebunan,Jenis Kayu Lainnya,Particle Board,Paper,$557.54M
Jawa Timur,UPHHK HTR,Setengah Jadi,Kayu Eboni,Kayu Olahan Lainnya,Pulp,n/a
Sulawesi Utara,Hutan Produksi,Limbah,Hutan Tanaman Industri,Moulding,Veneer,$763.03M
Jawa Tengah,HKM HD HTR,Kayu Tanaman,Rimba Campuran,Finger Joint Board,Woodworking,n/a
Jawa Tengah,HKM HD Kemitraan,Kayu Alam,Kelompok Meranti,Chipwood,Banguna Prefabrikasi,$1.21B
Jawa Barat,IUPHHK HA,Kayu Perkebunan,Jenis Khusus,Pulp. Kayu Lapis dan LVL,Chipwood,$109.52M
Banten,IUPHHK HTI,Setengah Jadi,Kayu Indah,Kayu Gergajian,Furnitur Kayu,$589.55M
Jawa Tengah,IUPHHK RE,Limbah,Jenis Kayu Lainnya,Veneer,Kerajinan,$7.17B
Kalimantan Selatan,UPHHK HTR,Kayu Tanaman,Kayu Eboni,Blockboard,Panel,$63.65M
Sulawesi Tengah,Hutan Produksi,Kayu Alam,Hutan Tanaman Industri,Bare Core,Paper,$251.77M
DI Yogyakarta,HKM HD HTR,Kayu Perkebunan,Rimba Campuran,Wood Pellet,Pulp,$204.83M
Jambi,HKM HD Kemitraan,Setengah Jadi,Kelompok Meranti,Particle Board,Veneer,$192.43M
Sulawesi Tengah,IUPHHK HA,Limbah,Jenis Khusus,Kayu Olahan Lainnya,Woodworking,$51.65M
Jawa Timur,IUPHHK HTI,Kayu Tanaman,Kayu Indah,Moulding,Banguna Prefabrikasi,$786.07M
Bengkulu,IUPHHK RE,Kayu Alam,Jenis Kayu Lainnya,Finger Joint Board,Chipwood,$374.11M
DI Yogyakarta,UPHHK HTR,Kayu Perkebunan,Kayu Eboni,Chipwood,Furnitur Kayu,$56.18B
Nusa Tenggara Timur,Hutan Produksi,Setengah Jadi,Hutan Tanaman Industri,Pulp. Kayu Lapis dan LVL,Kerajinan,n/a
Sulawesi Selatan,HKM HD HTR,Limbah,Rimba Campuran,Kayu Gergajian,Panel,$940.61M
DI Yogyakarta,HKM HD Kemitraan,Kayu Tanaman,Kelompok Meranti,Veneer,Paper,$192.38M
Papua,IUPHHK HA,Kayu Alam,Jenis Khusus,Blockboard,Pulp,$335.5M
Kalimantan Timur,IUPHHK HTI,Kayu Perkebunan,Kayu Indah,Bare Core,Veneer,$1.66B
Jambi,IUPHHK RE,Setengah Jadi,Jenis Kayu Lainnya,Wood Pellet,Woodworking,$23.11B
Jawa Barat,UPHHK HTR,Limbah,Kayu Eboni,Particle Board,Banguna Prefabrikasi,$481.23M
Gorontalo,Hutan Produksi,Kayu Tanaman,Hutan Tanaman Industri,Kayu Olahan Lainnya,Chipwood,n/a
Jawa Tengah,HKM HD HTR,Kayu Alam,Rimba Campuran,Moulding,Furnitur Kayu,$658.69M
Riau,HKM HD Kemitraan,Kayu Perkebunan,Kelompok Meranti,Finger Joint Board,Kerajinan,$3.22B
Lampung,IUPHHK HA,Setengah Jadi,Jenis Khusus,Chipwood,Panel,$6.74M
Banten,IUPHHK HTI,Limbah,Kayu Indah,Pulp. Kayu Lapis dan LVL,Paper,n/a
Sulawesi Utara,IUPHHK RE,Kayu Tanaman,Jenis Kayu Lainnya,Kayu Gergajian,Pulp,$169.37M
Riau,UPHHK HTR,Kayu Alam,Kayu Eboni,Veneer,Veneer,$605.25M
Nusa,Hutan Produksi,Kayu Perkebunan,Hutan Tanaman Industri,Blockboard,Woodworking,$2.31B
Sulawesi Utara,HKM HD HTR,Setengah Jadi,Rimba Campuran,Bare Core,Banguna Prefabrikasi,$165.47M
Tenggara Barat,HKM HD Kemitraan,Limbah,Kelompok Meranti,Wood Pellet,Chipwood,$3.5B
Sulawesi Selatan,IUPHHK HA,Kayu Tanaman,Jenis Khusus,Particle Board,Furnitur Kayu,$48.52M
Bengkulu,IUPHHK HTI,Kayu Alam,Kayu Indah,Kayu Olahan Lainnya,Kerajinan,$1.6B
Bengkulu,IUPHHK RE,Kayu Perkebunan,Jenis Kayu Lainnya,Moulding,Panel,$44.61M
Jawa Barat,UPHHK HTR,Setengah Jadi,Kayu Eboni,Finger Joint Board,Paper,$7.06B
Papua,Hutan Produksi,Limbah,Hutan Tanaman Industri,Chipwood,Pulp,$1.38B
Kalimantan Selatan,HKM HD HTR,Kayu Tanaman,Rimba Campuran,Pulp. Kayu Lapis dan LVL,Veneer,$529.78M
Kalimantan Timur,HKM HD Kemitraan,Kayu Alam,Kelompok Meranti,Kayu Gergajian,Woodworking,$18.29B
Kalimantan Selatan,IUPHHK HA,Kayu Perkebunan,Jenis Khusus,Veneer,Banguna Prefabrikasi,$885.73M
Lampung,IUPHHK HTI,Setengah Jadi,Kayu Indah,Blockboard,Chipwood,n/a
Kalimantan Timur,IUPHHK RE,Limbah,Jenis Kayu Lainnya,Bare Core,Furnitur Kayu,$1.5B
Papua,UPHHK HTR,Kayu Tanaman,Kayu Eboni,Wood Pellet,Kerajinan,$13.04M
Sulawesi Selatan,Hutan Produksi,Kayu Alam,Hutan Tanaman Industri,Particle Board,Panel,$3.64M
Sulawesi Selatan,HKM HD HTR,Kayu Perkebunan,Rimba Campuran,Kayu Olahan Lainnya,Paper,$1.1B
Kepulauan,HKM HD Kemitraan,Setengah Jadi,Kelompok Meranti,Moulding,Pulp,$1.64B
Sulawesi Tengah,IUPHHK HA,Limbah,Jenis Khusus,Finger Joint Board,Veneer,$35.74B
Nusa Tenggara Timur,IUPHHK HTI,Kayu Tanaman,Kayu Indah,Chipwood,Woodworking,$14.4B
Tenggara Barat,IUPHHK RE,Kayu Alam,Jenis Kayu Lainnya,Pulp. Kayu Lapis dan LVL,Banguna Prefabrikasi,$73.95M
Papua,UPHHK HTR,Kayu Perkebunan,Kayu Eboni,Kayu Gergajian,Chipwood,$671.8M
Kalimantan Barat,Hutan Produksi,Setengah Jadi,Hutan Tanaman Industri,Veneer,Furnitur Kayu,$352.17M
Maluku,HKM HD HTR,Limbah,Rimba Campuran,Blockboard,Kerajinan,$282.31M
Kalimantan Selatan,HKM HD Kemitraan,Kayu Tanaman,Kelompok Meranti,Bare Core,Panel,$443.54M
Sulawesi Utara,IUPHHK HA,Kayu Alam,Jenis Khusus,Wood Pellet,Paper,$129.26M
Sulawesi Utara,IUPHHK HTI,Kayu Perkebunan,Kayu Indah,Particle Board,Pulp,$1.28B
Jawa Timur,IUPHHK RE,Setengah Jadi,Jenis Kayu Lainnya,Kayu Olahan Lainnya,Veneer,n/a
Nusa Tenggara Timur,UPHHK HTR,Limbah,Kayu Eboni,Moulding,Woodworking,n/a
Sulawesi Tengah,Hutan Produksi,Kayu Tanaman,Hutan Tanaman Industri,Finger Joint Board,Banguna Prefabrikasi,n/a
Kalimantan Selatan,HKM HD HTR,Kayu Alam,Rimba Campuran,Chipwood,Chipwood,$68.57B
Kalimantan Utara,HKM HD Kemitraan,Kayu Perkebunan,Kelompok Meranti,Pulp. Kayu Lapis dan LVL,Furnitur Kayu,$1.65B
Sulawesi Utara,IUPHHK HA,Setengah Jadi,Jenis Khusus,Kayu Gergajian,Kerajinan,$30.33B
Gorontalo,IUPHHK HTI,Limbah,Kayu Indah,Veneer,Panel,$542.67M
Nusa Tenggara Timur,IUPHHK RE,Kayu Tanaman,Jenis Kayu Lainnya,Blockboard,Paper,$12.08B
Nusa Tenggara Timur,UPHHK HTR,Kayu Alam,Kayu Eboni,Bare Core,Pulp,$64.56M
Gorontalo,Hutan Produksi,Kayu Perkebunan,Hutan Tanaman Industri,Wood Pellet,Veneer,$2.86B
Jawa Tengah,HKM HD HTR,Setengah Jadi,Rimba Campuran,Particle Board,Woodworking,$41.88M
Maluku Utara,HKM HD Kemitraan,Limbah,Kelompok Meranti,Kayu Olahan Lainnya,Banguna Prefabrikasi,$959.07M
Nusa,IUPHHK HA,Kayu Tanaman,Jenis Khusus,Moulding,Chipwood,$170.51M
Jawa Tengah,IUPHHK HTI,Kayu Alam,Kayu Indah,Finger Joint Board,Furnitur Kayu,$91.14M
Banten,IUPHHK RE,Kayu Perkebunan,Jenis Kayu Lainnya,Chipwood,Kerajinan,$1.05B
Kepulauan,UPHHK HTR,Setengah Jadi,Kayu Eboni,Pulp. Kayu Lapis dan LVL,Panel,n/a
Jawa Tengah,Hutan Produksi,Limbah,Hutan Tanaman Industri,Kayu Gergajian,Paper,$617.53M
Maluku,HKM HD HTR,Kayu Tanaman,Rimba Campuran,Veneer,Pulp,$1B
Maluku Utara,HKM HD Kemitraan,Kayu Alam,Kelompok Meranti,Blockboard,Veneer,$650.09B
Jambi,IUPHHK HA,Kayu Perkebunan,Jenis Khusus,Bare Core,Woodworking,$10.14B
Tenggara Barat,IUPHHK HTI,Setengah Jadi,Kayu Indah,Wood Pellet,Banguna Prefabrikasi,$229.8M
Kalimantan Selatan,IUPHHK RE,Limbah,Jenis Kayu Lainnya,Particle Board,Chipwood,$2.64B
Sulawesi Tengah,UPHHK HTR,Kayu Tanaman,Kayu Eboni,Kayu Olahan Lainnya,Furnitur Kayu,$55.33M
Maluku Utara,Hutan Produksi,Kayu Alam,Hutan Tanaman Industri,Moulding,Kerajinan,$31.03M
Sumatera Utara,HKM HD HTR,Kayu Perkebunan,Rimba Campuran,Finger Joint Board,Panel,$3.55M
Jawa Tengah,HKM HD Kemitraan,Setengah Jadi,Kelompok Meranti,Chipwood,Paper,$1.99B
Riau,IUPHHK HA,Limbah,Jenis Khusus,Pulp. Kayu Lapis dan LVL,Pulp,$68.57B
Kalimantan Selatan,IUPHHK HTI,Kayu Tanaman,Kayu Indah,Kayu Gergajian,Veneer,$16.58B
Sulawesi Utara,IUPHHK RE,Kayu Alam,Jenis Kayu Lainnya,Veneer,Woodworking,$128.56M
Jambi,UPHHK HTR,Kayu Perkebunan,Kayu Eboni,Blockboard,Banguna Prefabrikasi,$1.32B
Kalimantan Timur,Hutan Produksi,Setengah Jadi,Hutan Tanaman Industri,Bare Core,Chipwood,$2.61B
Riau,HKM HD HTR,Limbah,Rimba Campuran,Wood Pellet,Furnitur Kayu,$51.1B
Kalimantan Selatan,HKM HD Kemitraan,Kayu Tanaman,Kelompok Meranti,Particle Board,Kerajinan,$5.48B
Sulawesi Utara,IUPHHK HA,Kayu Alam,Jenis Khusus,Kayu Olahan Lainnya,Panel,$253.65M
Nusa,IUPHHK HTI,Kayu Perkebunan,Kayu Indah,Moulding,Paper,n/a
Lampung,IUPHHK RE,Setengah Jadi,Jenis Kayu Lainnya,Finger Joint Board,Pulp,$319.55M
Jawa Tengah,UPHHK HTR,Limbah,Kayu Eboni,Chipwood,Veneer,$2.43B
Jawa Barat,Hutan Produksi,Kayu Tanaman,Hutan Tanaman Industri,Pulp. Kayu Lapis dan LVL,Woodworking,$64.14M
Nusa,HKM HD HTR,Kayu Alam,Rimba Campuran,Kayu Gergajian,Banguna Prefabrikasi,$6.48B
Lampung,HKM HD Kemitraan,Kayu Perkebunan,Kelompok Meranti,Veneer,Chipwood,$37.43M
Banten,IUPHHK HA,Setengah Jadi,Jenis Khusus,Blockboard,Furnitur Kayu,$527.78M
Kalimantan Timur,IUPHHK HTI,Limbah,Kayu Indah,Bare Core,Kerajinan,n/a
Papua Barat,IUPHHK RE,Kayu Tanaman,Jenis Kayu Lainnya,Wood Pellet,Panel,n/a
Papua,UPHHK HTR,Kayu Alam,Kayu Eboni,Particle Board,Paper,$10.59B
DKI Jakarta,Hutan Produksi,Kayu Perkebunan,Hutan Tanaman Industri,Kayu Olahan Lainnya,Pulp,n/a
Riau,HKM HD HTR,Setengah Jadi,Rimba Campuran,Moulding,Veneer,$5.67B
Bali,HKM HD Kemitraan,Limbah,Kelompok Meranti,Finger Joint Board,Woodworking,$1.92B
Tenggara Barat,IUPHHK HA,Kayu Tanaman,Jenis Khusus,Chipwood,Banguna Prefabrikasi,$526.59M
Maluku Utara,IUPHHK HTI,Kayu Alam,Kayu Indah,Pulp. Kayu Lapis dan LVL,Chipwood,n/a
Jambi,IUPHHK RE,Kayu Perkebunan,Jenis Kayu Lainnya,Kayu Gergajian,Furnitur Kayu,$2.09B
Jawa Timur,UPHHK HTR,Setengah Jadi,Kayu Eboni,Veneer,Kerajinan,$663.3M
Lampung,Hutan Produksi,Limbah,Hutan Tanaman Industri,Blockboard,Panel,$781.34M
Nusa Tenggara Timur,HKM HD HTR,Kayu Tanaman,Rimba Campuran,Bare Core,Paper,$956.82M
Sulawesi Selatan,HKM HD Kemitraan,Kayu Alam,Kelompok Meranti,Wood Pellet,Pulp,n/a
Kalimantan Timur,IUPHHK HA,Kayu Perkebunan,Jenis Khusus,Particle Board,Veneer,$21.58M
Papua,IUPHHK HTI,Setengah Jadi,Kayu Indah,Kayu Olahan Lainnya,Woodworking,$189.23B
DKI Jakarta,IUPHHK RE,Limbah,Jenis Kayu Lainnya,Moulding,Banguna Prefabrikasi,$605.76M
